{
  "assets" : [
    {
      "pointsOfInterest" : {
        "330" : "DB_D011_C010_330",
        "0" : "DB_D011_C010_0",
        "280" : "DB_D011_C010_280"
      },
      "url-1080-H264" : "https:\/\/sylvan.apple.com\/Videos\/comp_DB_D011_C010_PSNK_DENOISE_v19_SDR_PS_20180914_SDR_2K_AVC.mov",
      "accessibilityLabel" : "Dubai",
      "id" : "9680B8EB-CE2A-4395-AF41-402801F4D6A6",
      "url-1080-HDR" : "https:\/\/sylvan.apple.com\/Aerials\/2x\/Videos\/comp_DB_D011_C010_PSNK_DENOISE_v19_HDR_PS_20180914_HDR_2K_HEVC.mov",
      "url-1080-SDR" : "https:\/\/sylvan.apple.com\/Aerials\/2x\/Videos\/comp_DB_D011_C010_PSNK_DENOISE_v19_SDR_PS_20180914_SDR_2K_HEVC.mov",
      "url-4K-SDR" : "https:\/\/sylvan.apple.com\/Aerials\/2x\/Videos\/comp_DB_D011_C010_PSNK_DENOISE_v19_SDR_PS_20180914_SDR_4K_HEVC.mov",
      "url-4K-HDR" : "https:\/\/sylvan.apple.com\/Aerials\/2x\/Videos\/comp_DB_D011_C010_PSNK_DENOISE_v19_HDR_PS_20180914_HDR_4K_HEVC.mov"
    },
    {
      "pointsOfInterest" : {
        "65" : "A114_C001_0305OT_65",
        "50" : "A114_C001_0305OT_50",
        "225" : "A114_C001_0305OT_225",
        "0" : "A114_C001_0305OT_0",
        "280" : "A114_C001_0305OT_280",
        "95" : "A114_C001_0305OT_95",
        "130" : "A114_C001_0305OT_130",
        "20" : "A114_C001_0305OT_20",
        "185" : "A114_C001_0305OT_185",
        "290" : "A114_C001_0305OT_290"
      },
      "url-1080-H264" : "https:\/\/sylvan.apple.com\/Videos\/comp_A114_C001_0305OT_v10_SDR_FINAL_22062018_SDR_2K_AVC.mov",
      "accessibilityLabel" : "Southern California to Baja",
      "id" : "7719B48A-2005-4011-9280-2F64EEC6FD91",
      "url-1080-HDR" : "https:\/\/sylvan.apple.com\/Aerials\/2x\/Videos\/comp_A114_C001_0305OT_v10_HDR_FINAL_22062018_Bert_HDR_2K_HEVC.mov",
      "url-1080-SDR" : "https:\/\/sylvan.apple.com\/Aerials\/2x\/Videos\/comp_A114_C001_0305OT_v10_SDR_FINAL_22062018_SDR_2K_HEVC.mov",
      "url-4K-SDR" : "https:\/\/sylvan.apple.com\/Aerials\/2x\/Videos\/comp_A114_C001_0305OT_v10_SDR_FINAL_22062018_SDR_4K_HEVC.mov",
      "url-4K-HDR" : "https:\/\/sylvan.apple.com\/Aerials\/2x\/Videos\/comp_A114_C001_0305OT_v10_HDR_FINAL_22062018_Bert_HDR_4K_HEVC.mov"
    },
    {
      "pointsOfInterest" : {
        "0" : "GL_G004_C010_0"
      },
      "url-1080-H264" : "https:\/\/sylvan.apple.com\/Videos\/comp_GL_G004_C010_PSNK_v04_SDR_PS_FINAL_20180709_SDR_2K_AVC.mov",
      "accessibilityLabel" : "Greenland",
      "id" : "B8F204CE-6024-49AB-85F9-7CA2F6DCD226",
      "url-1080-HDR" : "https:\/\/sylvan.apple.com\/Aerials\/2x\/Videos\/comp_GL_G004_C010_PSNK_v04_HDR_FINAL_20180709_HDR_2K_HEVC.mov",
      "url-1080-SDR" : "https:\/\/sylvan.apple.com\/Aerials\/2x\/Videos\/comp_GL_G004_C010_PSNK_v04_SDR_PS_FINAL_20180709_SDR_2K_HEVC.mov",
      "url-4K-SDR" : "https:\/\/sylvan.apple.com\/Aerials\/2x\/Videos\/comp_GL_G004_C010_PSNK_v04_SDR_PS_FINAL_20180709_SDR_4K_HEVC.mov",
      "url-4K-HDR" : "https:\/\/sylvan.apple.com\/Aerials\/2x\/Videos\/comp_GL_G004_C010_PSNK_v04_HDR_FINAL_20180709_HDR_4K_HEVC.mov"
    },
    {
      "pointsOfInterest" : {
        "180" : "N008_C003_180",
        "0" : "N008_C003_0",
        "110" : "N008_C003_110",
        "210" : "N008_C003_210"
      },
      "url-1080-H264" : "https:\/\/sylvan.apple.com\/Videos\/comp_N008_C003_PS_v01_SDR_PS_20180925_SDR_2K_AVC.mov",
      "accessibilityLabel" : "New York",
      "id" : "640DFB00-FBB9-45DA-9444-9F663859F4BC",
      "url-1080-HDR" : "https:\/\/sylvan.apple.com\/Aerials\/2x\/Videos\/comp_N008_C003_PS_v01_HDR_PS_20180925_HDR_2K_HEVC.mov",
      "url-1080-SDR" : "https:\/\/sylvan.apple.com\/Aerials\/2x\/Videos\/comp_N008_C003_PS_v01_SDR_PS_20180925_SDR_2K_HEVC.mov",
      "url-4K-SDR" : "https:\/\/sylvan.apple.com\/Aerials\/2x\/Videos\/comp_N008_C003_PS_v01_SDR_PS_20180925_SDR_4K_HEVC.mov",
      "url-4K-HDR" : "https:\/\/sylvan.apple.com\/Aerials\/2x\/Videos\/comp_N008_C003_PS_v01_HDR_PS_20180925_HDR_4K_HEVC.mov"
    },
    {
      "pointsOfInterest" : {
        "60" : "GMT026_363A_103NC_E1027_60",
        "180" : "GMT026_363A_103NC_E1027_180",
        "32" : "GMT026_363A_103NC_E1027_32",
        "0" : "GMT026_363A_103NC_E1027_0",
        "22" : "GMT026_363A_103NC_E1027_22",
        "150" : "GMT026_363A_103NC_E1027_150",
        "195" : "GMT026_363A_103NC_E1027_195",
        "110" : "GMT026_363A_103NC_E1027_110",
        "260" : "GMT026_363A_103NC_E1027_260"
      },
      "url-1080-H264" : "https:\/\/sylvan.apple.com\/Videos\/comp_GMT026_363A_103NC_E1027_KOREA_JAPAN_NIGHT_v18_SDR_PS_20180907_SDR_2K_AVC.mov",
      "accessibilityLabel" : "Korean and Japan Night",
      "id" : "009BA758-7060-4479-8EE8-FB9B40C8FB97",
      "url-1080-HDR" : "https:\/\/sylvan.apple.com\/Aerials\/2x\/Videos\/comp_GMT026_363A_103NC_E1027_KOREA_JAPAN_NIGHT_v18_HDR_PS_20180907_HDR_2K_HEVC.mov",
      "url-1080-SDR" : "https:\/\/sylvan.apple.com\/Aerials\/2x\/Videos\/comp_GMT026_363A_103NC_E1027_KOREA_JAPAN_NIGHT_v18_SDR_PS_20180907_SDR_2K_HEVC.mov",
      "url-4K-SDR" : "https:\/\/sylvan.apple.com\/Aerials\/2x\/Videos\/comp_GMT026_363A_103NC_E1027_KOREA_JAPAN_NIGHT_v18_SDR_PS_20180907_SDR_4K_HEVC.mov",
      "url-4K-HDR" : "https:\/\/sylvan.apple.com\/Aerials\/2x\/Videos\/comp_GMT026_363A_103NC_E1027_KOREA_JAPAN_NIGHT_v18_HDR_PS_20180907_HDR_4K_HEVC.mov"
    },
    {
      "pointsOfInterest" : {
        "0" : "LA_A006_C008_0"
      },
      "url-1080-H264" : "https:\/\/sylvan.apple.com\/Videos\/comp_LA_A006_C008_PSNK_ALL_LOGOS_v10_SDR_PS_FINAL_20180801_SDR_2K_AVC.mov",
      "accessibilityLabel" : "Los Angeles",
      "id" : "CE279831-1CA7-4A83-A97B-FF1E20234396",
      "url-1080-HDR" : "https:\/\/sylvan.apple.com\/Aerials\/2x\/Videos\/comp_LA_A006_C008_PSNK_ALL_LOGOS_v10_HDR_PS_FINAL_20180801_HDR_2K_HEVC.mov",
      "url-1080-SDR" : "https:\/\/sylvan.apple.com\/Aerials\/2x\/Videos\/comp_LA_A006_C008_PSNK_ALL_LOGOS_v10_SDR_PS_FINAL_20180801_SDR_2K_HEVC.mov",
      "url-4K-SDR" : "https:\/\/sylvan.apple.com\/Aerials\/2x\/Videos\/comp_LA_A006_C008_PSNK_ALL_LOGOS_v10_SDR_PS_FINAL_20180801_SDR_4K_HEVC.mov",
      "url-4K-HDR" : "https:\/\/sylvan.apple.com\/Aerials\/2x\/Videos\/comp_LA_A006_C008_PSNK_ALL_LOGOS_v10_HDR_PS_FINAL_20180801_HDR_4K_HEVC.mov"
    },
    {
      "pointsOfInterest" : {
        "0" : "A015_C018_0",
        "80" : "A015_C018_80",
        "116" : "A015_C018_116"
      },
      "url-1080-H264" : "https:\/\/sylvan.apple.com\/Videos\/comp_A015_C018_0128ZS_v03_SDR_PS_FINAL_20180709__SDR_2K_AVC.mov",
      "accessibilityLabel" : "San Francisco",
      "id" : "3E94AE98-EAF2-4B09-96E3-452F46BC114E",
      "url-1080-HDR" : "https:\/\/sylvan.apple.com\/Aerials\/2x\/Videos\/comp_A015_C018_0128ZS_v03_HDR_PS_FINAL_20180710_HDR_2K_HEVC.mov",
      "url-1080-SDR" : "https:\/\/sylvan.apple.com\/Aerials\/2x\/Videos\/comp_A015_C018_0128ZS_v03_SDR_PS_FINAL_20180709__SDR_2K_HEVC.mov",
      "url-4K-SDR" : "https:\/\/sylvan.apple.com\/Aerials\/2x\/Videos\/comp_A015_C018_0128ZS_v03_SDR_PS_FINAL_20180709__SDR_4K_HEVC.mov",
      "url-4K-HDR" : "https:\/\/sylvan.apple.com\/Aerials\/2x\/Videos\/comp_A015_C018_0128ZS_v03_HDR_PS_FINAL_20180710_HDR_4K_HEVC.mov"
    },
    {
      "pointsOfInterest" : {
        "55" : "GMT329_1_113NC_396B_1105_55",
        "0" : "GMT329_1_113NC_396B_1105_0",
        "40" : "GMT329_1_113NC_396B_1105_40",
        "5" : "GMT329_1_113NC_396B_1105_5",
        "25" : "GMT329_1_113NC_396B_1105_25",
        "15" : "GMT329_1_113NC_396B_1105_15",
        "75" : "GMT329_1_113NC_396B_1105_75"
      },
      "url-1080-H264" : "https:\/\/sylvan.apple.com\/Videos\/comp_GMT329_113NC_396B_1105_ITALY_v03_SDR_FINAL_20180706_SDR_2K_AVC.mov",
      "accessibilityLabel" : "Italy to Asia",
      "id" : "E5DB138A-F04E-4619-B896-DE5CB538C534",
      "url-1080-HDR" : "https:\/\/sylvan.apple.com\/Aerials\/2x\/Videos\/comp_GMT329_113NC_396B_1105_ITALY_TO_ASIA_v03_HDR_PS_20180824_HDR_2K_HEVC.mov",
      "url-1080-SDR" : "https:\/\/sylvan.apple.com\/Aerials\/2x\/Videos\/comp_GMT329_113NC_396B_1105_ITALY_v03_SDR_FINAL_20180706_SDR_2K_HEVC.mov",
      "url-4K-SDR" : "https:\/\/sylvan.apple.com\/Aerials\/2x\/Videos\/comp_GMT329_113NC_396B_1105_ITALY_v03_SDR_FINAL_20180706_SDR_4K_HEVC.mov",
      "url-4K-HDR" : "https:\/\/sylvan.apple.com\/Aerials\/2x\/Videos\/comp_GMT329_113NC_396B_1105_ITALY_TO_ASIA_v03_HDR_PS_20180824_HDR_4K_HEVC.mov"
    },
    {
      "pointsOfInterest" : {
        "0" : "HK_B005_C011_0"
      },
      "url-1080-H264" : "https:\/\/sylvan.apple.com\/Videos\/comp_HK_B005_C011_PSNK_v16_SDR_PS_20180914_SDR_2K_AVC.mov",
      "accessibilityLabel" : "Hong Kong",
      "id" : "E99FA658-A59A-4A2D-9F3B-58E7BDC71A9A",
      "url-1080-HDR" : "https:\/\/sylvan.apple.com\/Aerials\/2x\/Videos\/comp_HK_B005_C011_PSNK_v16_HDR_PS_20180914_HDR_2K_HEVC.mov",
      "url-1080-SDR" : "https:\/\/sylvan.apple.com\/Aerials\/2x\/Videos\/comp_HK_B005_C011_PSNK_v16_SDR_PS_20180914_SDR_2K_HEVC.mov",
      "url-4K-SDR" : "https:\/\/sylvan.apple.com\/Aerials\/2x\/Videos\/comp_HK_B005_C011_PSNK_v16_SDR_PS_20180914_SDR_4K_HEVC.mov",
      "url-4K-HDR" : "https:\/\/sylvan.apple.com\/Aerials\/2x\/Videos\/comp_HK_B005_C011_PSNK_v16_HDR_PS_20180914_HDR_4K_HEVC.mov"
    },
    {
      "pointsOfInterest" : {
        "24" : "L007_C007_24",
        "0" : "L007_C007_0",
        "104" : "L007_C007_104",
        "299" : "L007_C007_299",
        "149" : "L007_C007_149",
        "279" : "L007_C007_279",
        "49" : "L007_C007_49",
        "324" : "L007_C007_324"
      },
      "url-1080-H264" : "https:\/\/sylvan.apple.com\/Videos\/comp_L007_C007_PS_v01_SDR_PS_20180925_SDR_2K_AVC.mov",
      "accessibilityLabel" : "London",
      "id" : "A5AAFF5D-8887-42BB-8AFD-867EF557ED85",
      "url-1080-HDR" : "https:\/\/sylvan.apple.com\/Aerials\/2x\/Videos\/comp_L007_C007_PS_v01_HDR_PS_20180925_HDR_2K_HEVC.mov",
      "url-1080-SDR" : "https:\/\/sylvan.apple.com\/Aerials\/2x\/Videos\/comp_L007_C007_PS_v01_SDR_PS_20180925_SDR_2K_HEVC.mov",
      "url-4K-SDR" : "https:\/\/sylvan.apple.com\/Aerials\/2x\/Videos\/comp_L007_C007_PS_v01_SDR_PS_20180925_SDR_4K_HEVC.mov",
      "url-4K-HDR" : "https:\/\/sylvan.apple.com\/Aerials\/2x\/Videos\/comp_L007_C007_PS_v01_HDR_PS_20180925_HDR_4K_HEVC.mov"
    },
    {
      "pointsOfInterest" : {
        "365" : "LA_A008_C004_365",
        "430" : "LA_A008_C004_430",
        "0" : "LA_A008_C004_0"
      },
      "url-1080-H264" : "https:\/\/sylvan.apple.com\/Videos\/comp_LA_A008_C004_ALTB_ED_FROM_FLAME_RETIME_v46_SDR_PS_20180917_SDR_2K_AVC.mov",
      "accessibilityLabel" : "Los Angeles",
      "id" : "92E48DE9-13A1-4172-B560-29B4668A87EE",
      "url-1080-HDR" : "https:\/\/sylvan.apple.com\/Aerials\/2x\/Videos\/comp_LA_A008_C004_ALTB_ED_FROM_FLAME_RETIME_v46_HDR_PS_20180917_HDR_2K_HEVC.mov",
      "url-1080-SDR" : "https:\/\/sylvan.apple.com\/Aerials\/2x\/Videos\/comp_LA_A008_C004_ALTB_ED_FROM_FLAME_RETIME_v46_SDR_PS_20180917_SDR_2K_HEVC.mov",
      "url-4K-SDR" : "https:\/\/sylvan.apple.com\/Aerials\/2x\/Videos\/comp_LA_A008_C004_ALTB_ED_FROM_FLAME_RETIME_v46_SDR_PS_20180917_SDR_4K_HEVC.mov",
      "url-4K-HDR" : "https:\/\/sylvan.apple.com\/Aerials\/2x\/Videos\/comp_LA_A008_C004_ALTB_ED_FROM_FLAME_RETIME_v46_HDR_PS_20180917_HDR_4K_HEVC.mov"
    },
    {
      "pointsOfInterest" : {
        "0" : "GL_G010_C006_0"
      },
      "url-1080-H264" : "https:\/\/sylvan.apple.com\/Videos\/comp_GL_G010_C006_PSNK_NOSUN_v12_SDR_PS_FINAL_20180709_SDR_2K_AVC.mov",
      "accessibilityLabel" : "Greenland",
      "id" : "EE01F02D-1413-436C-AB05-410F224A5B7B",
      "url-1080-HDR" : "https:\/\/sylvan.apple.com\/Aerials\/2x\/Videos\/comp_GL_G010_C006_PSNK_NOSUN_v12_HDR_FINAL_20180709_HDR_2K_HEVC.mov",
      "url-1080-SDR" : "https:\/\/sylvan.apple.com\/Aerials\/2x\/Videos\/comp_GL_G010_C006_PSNK_NOSUN_v12_SDR_PS_FINAL_20180709_SDR_2K_HEVC.mov",
      "url-4K-SDR" : "https:\/\/sylvan.apple.com\/Aerials\/2x\/Videos\/comp_GL_G010_C006_PSNK_NOSUN_v12_SDR_PS_FINAL_20180709_SDR_4K_HEVC.mov",
      "url-4K-HDR" : "https:\/\/sylvan.apple.com\/Aerials\/2x\/Videos\/comp_GL_G010_C006_PSNK_NOSUN_v12_HDR_FINAL_20180709_HDR_4K_HEVC.mov"
    },
    {
      "pointsOfInterest" : {
        "65" : "A108_C001_0215V8_65",
        "125" : "A108_C001_0215V8_125",
        "190" : "A108_C001_0215V8_190",
        "50" : "A108_C001_0215V8_50",
        "170" : "A108_C001_0215V8_170",
        "0" : "A108_C001_0215V8_0",
        "35" : "A108_C001_0215V8_35",
        "85" : "A108_C001_0215V8_85",
        "110" : "A108_C001_0215V8_110"
      },
      "url-1080-H264" : "https:\/\/sylvan.apple.com\/Videos\/comp_A108_C001_v09_SDR_FINAL_22062018_SDR_2K_AVC.mov",
      "accessibilityLabel" : "Caribbean",
      "id" : "D5CFB2FF-5F8C-4637-816B-3E42FC1229B8",
      "url-1080-HDR" : "https:\/\/sylvan.apple.com\/Aerials\/2x\/Videos\/comp_A108_C001_v09_HDR_PS_FINAL_22062018_HDR_2K_HEVC.mov",
      "url-1080-SDR" : "https:\/\/sylvan.apple.com\/Aerials\/2x\/Videos\/comp_A108_C001_v09_SDR_FINAL_22062018_SDR_2K_HEVC.mov",
      "url-4K-SDR" : "https:\/\/sylvan.apple.com\/Aerials\/2x\/Videos\/comp_A108_C001_v09_SDR_FINAL_22062018_SDR_4K_HEVC.mov",
      "url-4K-HDR" : "https:\/\/sylvan.apple.com\/Aerials\/2x\/Videos\/comp_A108_C001_v09_HDR_PS_FINAL_22062018_HDR_4K_HEVC.mov"
    },
    {
      "pointsOfInterest" : {
        "0" : "N008_C009_0",
        "246" : "N008_C009_246"
      },
      "url-1080-H264" : "https:\/\/sylvan.apple.com\/Videos\/comp_N008_C009_PS_v01_SDR_PS_20180925_SDR_2K_AVC.mov",
      "accessibilityLabel" : "New York",
      "id" : "3BA0CFC7-E460-4B59-A817-B97F9EBB9B89",
      "url-1080-HDR" : "https:\/\/sylvan.apple.com\/Aerials\/2x\/Videos\/comp_N008_C009_PS_v01_HDR_PS_20180925_HDR_2K_HEVC.mov",
      "url-1080-SDR" : "https:\/\/sylvan.apple.com\/Aerials\/2x\/Videos\/comp_N008_C009_PS_v01_SDR_PS_20180925_SDR_2K_HEVC.mov",
      "url-4K-SDR" : "https:\/\/sylvan.apple.com\/Aerials\/2x\/Videos\/comp_N008_C009_PS_v01_SDR_PS_20180925_SDR_4K_HEVC.mov",
      "url-4K-HDR" : "https:\/\/sylvan.apple.com\/Aerials\/2x\/Videos\/comp_N008_C009_PS_v01_HDR_PS_20180925_HDR_4K_HEVC.mov"
    },
    {
      "pointsOfInterest" : {
        "170" : "GMT306_139NC_139J_3066_170",
        "0" : "GMT306_139NC_139J_3066_0",
        "95" : "GMT306_139NC_139J_3066_95",
        "120" : "GMT306_139NC_139J_3066_120",
        "85" : "GMT306_139NC_139J_3066_85",
        "110" : "GMT306_139NC_139J_3066_110",
        "155" : "GMT306_139NC_139J_3066_155",
        "70" : "GMT306_139NC_139J_3066_70"
      },
      "url-1080-H264" : "https:\/\/sylvan.apple.com\/Videos\/comp_GMT306_139NC_139J_3066_CALI_TO_VEGAS_v08_SDR_PS_20180824_SDR_2K_AVC.mov",
      "accessibilityLabel" : "California to Vegas",
      "id" : "12318CCB-3F78-43B7-A854-EFDCCE5312CD",
      "url-1080-HDR" : "https:\/\/sylvan.apple.com\/Aerials\/2x\/Videos\/comp_GMT306_139NC_139J_3066_CALI_TO_VEGAS_v08_HDR_PS_20180824_HDR_2K_HEVC.mov",
      "url-1080-SDR" : "https:\/\/sylvan.apple.com\/Aerials\/2x\/Videos\/comp_GMT306_139NC_139J_3066_CALI_TO_VEGAS_v08_SDR_PS_20180824_SDR_2K_HEVC.mov",
      "url-4K-SDR" : "https:\/\/sylvan.apple.com\/Aerials\/2x\/Videos\/comp_GMT306_139NC_139J_3066_CALI_TO_VEGAS_v08_SDR_PS_20180824_SDR_4K_HEVC.mov",
      "url-4K-HDR" : "https:\/\/sylvan.apple.com\/Aerials\/2x\/Videos\/comp_GMT306_139NC_139J_3066_CALI_TO_VEGAS_v08_HDR_PS_20180824_HDR_4K_HEVC.mov"
    },
    {
      "pointsOfInterest" : {
        "330" : "HK_H004_C010_330",
        "0" : "HK_H004_C010_0",
        "150" : "HK_H004_C010_150"
      },
      "url-1080-H264" : "https:\/\/sylvan.apple.com\/Videos\/comp_HK_H004_C010_PSNK_v08_SDR_PS_20181009_SDR_2K_AVC.mov",
      "accessibilityLabel" : "Hong Kong",
      "id" : "C8559883-6F3E-4AF2-8960-903710CD47B7",
      "url-1080-HDR" : "https:\/\/sylvan.apple.com\/Aerials\/2x\/Videos\/comp_HK_H004_C010_PSNK_v08_HDR_PS_20181009_HDR_2K_HEVC.mov",
      "url-1080-SDR" : "https:\/\/sylvan.apple.com\/Aerials\/2x\/Videos\/comp_HK_H004_C010_PSNK_v08_SDR_PS_20181009_SDR_2K_HEVC.mov",
      "url-4K-SDR" : "https:\/\/sylvan.apple.com\/Aerials\/2x\/Videos\/comp_HK_H004_C010_PSNK_v08_SDR_PS_20181009_SDR_4K_HEVC.mov",
      "url-4K-HDR" : "https:\/\/sylvan.apple.com\/Aerials\/2x\/Videos\/comp_HK_H004_C010_PSNK_v08_HDR_PS_20181009_HDR_4K_HEVC.mov"
    },
    {
      "pointsOfInterest" : {
        "0" : "N013_C004_0",
        "40" : "N013_C004_40",
        "120" : "N013_C004_120"
      },
      "url-1080-H264" : "https:\/\/sylvan.apple.com\/Videos\/comp_N013_C004_PS_v01_SDR_PS_20180925_F1970F7193_SDR_2K_AVC.mov",
      "accessibilityLabel" : "New York",
      "id" : "44166C39-8566-4ECA-BD16-43159429B52F",
      "url-1080-HDR" : "https:\/\/sylvan.apple.com\/Aerials\/2x\/Videos\/comp_N013_C004_PS_v01_HDR_PS_20180925_F1970F7193_HDR_2K_HEVC.mov",
      "url-1080-SDR" : "https:\/\/sylvan.apple.com\/Aerials\/2x\/Videos\/comp_N013_C004_PS_v01_SDR_PS_20180925_F1970F7193_SDR_2K_HEVC.mov",
      "url-4K-SDR" : "https:\/\/sylvan.apple.com\/Aerials\/2x\/Videos\/comp_N013_C004_PS_v01_SDR_PS_20180925_F1970F7193_SDR_4K_HEVC.mov",
      "url-4K-HDR" : "https:\/\/sylvan.apple.com\/Aerials\/2x\/Videos\/comp_N013_C004_PS_v01_HDR_PS_20180925_F1970F7193_HDR_4K_HEVC.mov"
    },
    {
      "pointsOfInterest" : {
        "170" : "A105_C003_0212CT_170",
        "0" : "A105_C003_0212CT_0",
        "110" : "A105_C003_0212CT_110",
        "70" : "A105_C003_0212CT_70"
      },
      "url-1080-H264" : "https:\/\/sylvan.apple.com\/Videos\/comp_A105_C003_0212CT_FLARE_v10_SDR_PS_FINAL_20180711_SDR_2K_AVC.mov",
      "accessibilityLabel" : "New Zealand",
      "id" : "78911B7E-3C69-47AD-B635-9C2486F6301D",
      "url-1080-HDR" : "https:\/\/sylvan.apple.com\/Aerials\/2x\/Videos\/comp_A105_C003_0212CT_FLARE_v10_HDR_PS_FINAL_20180711_HDR_2K_HEVC.mov",
      "url-1080-SDR" : "https:\/\/sylvan.apple.com\/Aerials\/2x\/Videos\/comp_A105_C003_0212CT_FLARE_v10_SDR_PS_FINAL_20180711_SDR_2K_HEVC.mov",
      "url-4K-SDR" : "https:\/\/sylvan.apple.com\/Aerials\/2x\/Videos\/comp_A105_C003_0212CT_FLARE_v10_SDR_PS_FINAL_20180711_SDR_4K_HEVC.mov",
      "url-4K-HDR" : "https:\/\/sylvan.apple.com\/Aerials\/2x\/Videos\/comp_A105_C003_0212CT_FLARE_v10_HDR_PS_FINAL_20180711_HDR_4K_HEVC.mov"
    },
    {
      "pointsOfInterest" : {
        "0" : "A012_C014_0",
        "208" : "A012_C014_208"
      },
      "url-1080-H264" : "https:\/\/sylvan.apple.com\/Videos\/comp_A012_C014_1223PT_v53_SDR_PS_FINAL_20180709_F0F8700_SDR_2K_AVC.mov",
      "accessibilityLabel" : "San Francisco",
      "id" : "85CE77BF-3413-4A7B-9B0F-732E96229A73",
      "url-1080-HDR" : "https:\/\/sylvan.apple.com\/Aerials\/2x\/Videos\/comp_A012_C014_1223PT_v53_HDR_PS_FINAL_20180710_F0F8700_HDR_2K_HEVC.mov",
      "url-1080-SDR" : "https:\/\/sylvan.apple.com\/Aerials\/2x\/Videos\/comp_A012_C014_1223PT_v53_SDR_PS_FINAL_20180709_F0F8700_SDR_2K_HEVC.mov",
      "url-4K-SDR" : "https:\/\/sylvan.apple.com\/Aerials\/2x\/Videos\/comp_A012_C014_1223PT_v53_SDR_PS_FINAL_20180709_F0F8700_SDR_4K_HEVC.mov",
      "url-4K-HDR" : "https:\/\/sylvan.apple.com\/Aerials\/2x\/Videos\/comp_A012_C014_1223PT_v53_HDR_PS_FINAL_20180710_F0F8700_HDR_4K_HEVC.mov"
    },
    {
      "pointsOfInterest" : {
        "0" : "CH_C007_C011_0"
      },
      "url-1080-H264" : "https:\/\/sylvan.apple.com\/Videos\/comp_CH_C007_C011_PSNK_v02_SDR_PS_FINAL_20180709_SDR_2K_AVC.mov",
      "accessibilityLabel" : "China",
      "id" : "B876B645-3955-420E-99DF-60139E451CF3",
      "url-1080-HDR" : "https:\/\/sylvan.apple.com\/Aerials\/2x\/Videos\/comp_CH_C007_C011_PSNK_v02_HDR_FINAL_20180709_HDR_2K_HEVC.mov",
      "url-1080-SDR" : "https:\/\/sylvan.apple.com\/Aerials\/2x\/Videos\/comp_CH_C007_C011_PSNK_v02_SDR_PS_FINAL_20180709_SDR_2K_HEVC.mov",
      "url-4K-SDR" : "https:\/\/sylvan.apple.com\/Aerials\/2x\/Videos\/comp_CH_C007_C011_PSNK_v02_SDR_PS_FINAL_20180709_SDR_4K_HEVC.mov",
      "url-4K-HDR" : "https:\/\/sylvan.apple.com\/Aerials\/2x\/Videos\/comp_CH_C007_C011_PSNK_v02_HDR_FINAL_20180709_HDR_4K_HEVC.mov"
    },
    {
      "pointsOfInterest" : {
        "65" : "GMT329_117NC_401C_1037_65",
        "105" : "GMT329_117NC_401C_1037_105",
        "45" : "GMT329_117NC_401C_1037_45",
        "0" : "GMT329_117NC_401C_1037_0",
        "150" : "GMT329_117NC_401C_1037_150",
        "195" : "GMT329_117NC_401C_1037_195",
        "185" : "GMT329_117NC_401C_1037_185",
        "15" : "GMT329_117NC_401C_1037_15",
        "165" : "GMT329_117NC_401C_1037_165"
      },
      "url-1080-H264" : "https:\/\/sylvan.apple.com\/Videos\/comp_GMT329_117NC_401C_1037_IRELAND_TO_ASIA_v48_SDR_PS_FINAL_20180725_F0F6300_SDR_2K_AVC.mov",
      "accessibilityLabel" : "Ireland to Asia",
      "id" : "7C643A39-C0B2-4BA0-8BC2-2EAA47CC580E",
      "url-1080-HDR" : "https:\/\/sylvan.apple.com\/Aerials\/2x\/Videos\/comp_GMT329_117NC_401C_1037_IRELAND_TO_ASIA_v48_HDR_PS_FINAL_20180725_F0F6300_HDR_2K_HEVC.mov",
      "url-1080-SDR" : "https:\/\/sylvan.apple.com\/Aerials\/2x\/Videos\/comp_GMT329_117NC_401C_1037_IRELAND_TO_ASIA_v48_SDR_PS_FINAL_20180725_F0F6300_SDR_2K_HEVC.mov",
      "url-4K-SDR" : "https:\/\/sylvan.apple.com\/Aerials\/2x\/Videos\/comp_GMT329_117NC_401C_1037_IRELAND_TO_ASIA_v48_SDR_PS_FINAL_20180725_F0F6300_SDR_4K_HEVC.mov",
      "url-4K-HDR" : "https:\/\/sylvan.apple.com\/Aerials\/2x\/Videos\/comp_GMT329_117NC_401C_1037_IRELAND_TO_ASIA_v48_HDR_PS_FINAL_20180725_F0F6300_HDR_4K_HEVC.mov"
    },
    {
      "pointsOfInterest" : {
        "310" : "L004_C011_310",
        "0" : "L004_C011_0",
        "130" : "L004_C011_130",
        "325" : "L004_C011_325",
        "20" : "L004_C011_20",
        "210" : "L004_C011_210"
      },
      "url-1080-H264" : "https:\/\/sylvan.apple.com\/Videos\/comp_L004_C011_PS_v01_SDR_PS_20180925_SDR_2K_AVC.mov",
      "accessibilityLabel" : "London",
      "id" : "7F4C26C2-67C2-4C3A-8F07-8A7BF6148C97",
      "url-1080-HDR" : "https:\/\/sylvan.apple.com\/Aerials\/2x\/Videos\/comp_L004_C011_PS_v01_HDR_PS_20180925_HDR_2K_HEVC.mov",
      "url-1080-SDR" : "https:\/\/sylvan.apple.com\/Aerials\/2x\/Videos\/comp_L004_C011_PS_v01_SDR_PS_20180925_SDR_2K_HEVC.mov",
      "url-4K-SDR" : "https:\/\/sylvan.apple.com\/Aerials\/2x\/Videos\/comp_L004_C011_PS_v01_SDR_PS_20180925_SDR_4K_HEVC.mov",
      "url-4K-HDR" : "https:\/\/sylvan.apple.com\/Aerials\/2x\/Videos\/comp_L004_C011_PS_v01_HDR_PS_20180925_HDR_4K_HEVC.mov"
    },
    {
      "pointsOfInterest" : {
        "115" : "A103_C002_0205DG_115",
        "180" : "A103_C002_0205DG_180",
        "45" : "A103_C002_0205DG_45",
        "0" : "A103_C002_0205DG_0",
        "160" : "A103_C002_0205DG_160",
        "235" : "A103_C002_0205DG_235",
        "280" : "A103_C002_0205DG_280",
        "315" : "A103_C002_0205DG_315",
        "145" : "A103_C002_0205DG_145"
      },
      "url-1080-H264" : "https:\/\/sylvan.apple.com\/Videos\/comp_A103_C002_0205DG_v12_SDR_FINAL_20180706_SDR_2K_AVC.mov",
      "accessibilityLabel" : "Africa and the Middle East",
      "id" : "2F72BC1E-3D76-456C-81EB-842EBA488C27",
      "url-1080-HDR" : "https:\/\/sylvan.apple.com\/Aerials\/2x\/Videos\/comp_A103_C002_0205DG_v12_HDR_FINAL_20180706_HDR_2K_HEVC.mov",
      "url-1080-SDR" : "https:\/\/sylvan.apple.com\/Aerials\/2x\/Videos\/comp_A103_C002_0205DG_v12_SDR_FINAL_20180706_SDR_2K_HEVC.mov",
      "url-4K-SDR" : "https:\/\/sylvan.apple.com\/Aerials\/2x\/Videos\/comp_A103_C002_0205DG_v12_SDR_FINAL_20180706_SDR_4K_HEVC.mov",
      "url-4K-HDR" : "https:\/\/sylvan.apple.com\/Aerials\/2x\/Videos\/comp_A103_C002_0205DG_v12_HDR_FINAL_20180706_HDR_4K_HEVC.mov"
    },
    {
      "pointsOfInterest" : {
        "0" : "C003_C003_0"
      },
      "url-1080-H264" : "https:\/\/sylvan.apple.com\/Videos\/comp_C003_C003_PS_v01_SDR_PS_20180925_SDR_2K_AVC.mov",
      "accessibilityLabel" : "China",
      "id" : "044AD56C-A107-41B2-90CC-E60CCACFBCF5",
      "url-1080-HDR" : "https:\/\/sylvan.apple.com\/Aerials\/2x\/Videos\/comp_C003_C003_PS_v01_HDR_PS_20180925_HDR_2K_HEVC.mov",
      "url-1080-SDR" : "https:\/\/sylvan.apple.com\/Aerials\/2x\/Videos\/comp_C003_C003_PS_v01_SDR_PS_20180925_SDR_2K_HEVC.mov",
      "url-4K-SDR" : "https:\/\/sylvan.apple.com\/Aerials\/2x\/Videos\/comp_C003_C003_PS_v01_SDR_PS_20180925_SDR_4K_HEVC.mov",
      "url-4K-HDR" : "https:\/\/sylvan.apple.com\/Aerials\/2x\/Videos\/comp_C003_C003_PS_v01_HDR_PS_20180925_HDR_4K_HEVC.mov"
    },
    {
      "pointsOfInterest" : {
        "0" : "A006_C003_0",
        "140" : "A006_C003_140",
        "191" : "A006_C003_191"
      },
      "url-1080-H264" : "https:\/\/sylvan.apple.com\/Videos\/comp_A006_C003_1219EE_CC_v01_SDR_PS_FINAL_20180709_SDR_2K_AVC.mov",
      "accessibilityLabel" : "San Francisco",
      "id" : "DE851E6D-C2BE-4D9F-AB54-0F9CE994DC51",
      "url-1080-HDR" : "https:\/\/sylvan.apple.com\/Aerials\/2x\/Videos\/comp_A006_C003_1219EE_CC_v01_HDR_PS_FINAL_20180710_HDR_2K_HEVC.mov",
      "url-1080-SDR" : "https:\/\/sylvan.apple.com\/Aerials\/2x\/Videos\/comp_A006_C003_1219EE_CC_v01_SDR_PS_FINAL_20180709_SDR_2K_HEVC.mov",
      "url-4K-SDR" : "https:\/\/sylvan.apple.com\/Aerials\/2x\/Videos\/comp_A006_C003_1219EE_CC_v01_SDR_PS_FINAL_20180709_SDR_4K_HEVC.mov",
      "url-4K-HDR" : "https:\/\/sylvan.apple.com\/Aerials\/2x\/Videos\/comp_A006_C003_1219EE_CC_v01_HDR_PS_FINAL_20180710_HDR_4K_HEVC.mov"
    },
    {
      "pointsOfInterest" : {
        "0" : "CH_C002_C005_0"
      },
      "url-1080-H264" : "https:\/\/sylvan.apple.com\/Videos\/comp_CH_C002_C005_PSNK_v05_SDR_PS_FINAL_20180709_SDR_2K_AVC.mov",
      "accessibilityLabel" : "China",
      "id" : "9CCB8297-E9F5-4699-AE1F-890CFBD5E29C",
      "url-1080-HDR" : "https:\/\/sylvan.apple.com\/Aerials\/2x\/Videos\/comp_CH_C002_C005_PSNK_v05_HDR_FINAL_20180709_HDR_2K_HEVC.mov",
      "url-1080-SDR" : "https:\/\/sylvan.apple.com\/Aerials\/2x\/Videos\/comp_CH_C002_C005_PSNK_v05_SDR_PS_FINAL_20180709_SDR_2K_HEVC.mov",
      "url-4K-SDR" : "https:\/\/sylvan.apple.com\/Aerials\/2x\/Videos\/comp_CH_C002_C005_PSNK_v05_SDR_PS_FINAL_20180709_SDR_4K_HEVC.mov",
      "url-4K-HDR" : "https:\/\/sylvan.apple.com\/Aerials\/2x\/Videos\/comp_CH_C002_C005_PSNK_v05_HDR_FINAL_20180709_HDR_4K_HEVC.mov"
    },
    {
      "pointsOfInterest" : {
        "0" : "LA_A005_C009_0"
      },
      "url-1080-H264" : "https:\/\/sylvan.apple.com\/Videos\/comp_LA_A005_C009_PSNK_ALT_v09_SDR_PS_201809134_SDR_2K_AVC.mov",
      "accessibilityLabel" : "Los Angeles",
      "id" : "35693AEA-F8C4-4A80-B77D-C94B20A68956",
      "url-1080-HDR" : "https:\/\/sylvan.apple.com\/Aerials\/2x\/Videos\/comp_LA_A005_C009_PSNK_ALT_v09_HDR_PS_20180914_HDR_2K_HEVC.mov",
      "url-1080-SDR" : "https:\/\/sylvan.apple.com\/Aerials\/2x\/Videos\/comp_LA_A005_C009_PSNK_ALT_v09_SDR_PS_201809134_SDR_2K_HEVC.mov",
      "url-4K-SDR" : "https:\/\/sylvan.apple.com\/Aerials\/2x\/Videos\/comp_LA_A005_C009_PSNK_ALT_v09_SDR_PS_201809134_SDR_4K_HEVC.mov",
      "url-4K-HDR" : "https:\/\/sylvan.apple.com\/Aerials\/2x\/Videos\/comp_LA_A005_C009_PSNK_ALT_v09_HDR_PS_20180914_HDR_4K_HEVC.mov"
    },
    {
      "pointsOfInterest" : {
        "0" : "GMT110_112NC_364D_1054_0"
      },
      "url-1080-H264" : "https:\/\/sylvan.apple.com\/Videos\/comp_GMT110_112NC_364D_1054_AURORA_ANTARTICA__COMP_FINAL_v34_PS_SDR_20181107_SDR_2K_AVC.mov",
      "accessibilityLabel" : "Antarctica",
      "id" : "03EC0F5E-CCA8-4E0A-9FEC-5BD1CE151182",
      "url-1080-HDR" : "https:\/\/sylvan.apple.com\/Aerials\/2x\/Videos\/comp_GMT110_112NC_364D_1054_AURORA_ANTARTICA__COMP_FINAL_v34_PS_HDR_20181107_HDR_2K_HEVC.mov",
      "url-1080-SDR" : "https:\/\/sylvan.apple.com\/Aerials\/2x\/Videos\/comp_GMT110_112NC_364D_1054_AURORA_ANTARTICA__COMP_FINAL_v34_PS_SDR_20181107_SDR_2K_HEVC.mov",
      "url-4K-SDR" : "https:\/\/sylvan.apple.com\/Aerials\/2x\/Videos\/comp_GMT110_112NC_364D_1054_AURORA_ANTARTICA__COMP_FINAL_v34_PS_SDR_20181107_SDR_4K_HEVC.mov",
      "url-4K-HDR" : "https:\/\/sylvan.apple.com\/Aerials\/2x\/Videos\/comp_GMT110_112NC_364D_1054_AURORA_ANTARTICA__COMP_FINAL_v34_PS_HDR_20181107_HDR_4K_HEVC.mov"
    },
    {
      "pointsOfInterest" : {
        "285" : "A009_C001_10181A_285",
        "245" : "A009_C001_10181A_245",
        "310" : "A009_C001_10181A_310",
        "0" : "A009_C001_10181A_0",
        "30" : "A009_C001_10181A_30",
        "195" : "A009_C001_10181A_195",
        "110" : "A009_C001_10181A_110",
        "230" : "A009_C001_10181A_230",
        "155" : "A009_C001_10181A_155",
        "210" : "A009_C001_10181A_210"
      },
      "url-1080-H264" : "https:\/\/sylvan.apple.com\/Videos\/comp_A009_C001_010181A_v09_SDR_PS_FINAL_20180725_SDR_2K_AVC.mov",
      "accessibilityLabel" : "Sahara and Italy",
      "id" : "E556BBC5-D0A0-4DB1-AC77-BC76E4A526F4",
      "url-1080-HDR" : "https:\/\/sylvan.apple.com\/Aerials\/2x\/Videos\/comp_A009_C001_010181A_v09_HDR_PS_FINAL_20180725_HDR_2K_HEVC.mov",
      "url-1080-SDR" : "https:\/\/sylvan.apple.com\/Aerials\/2x\/Videos\/comp_A009_C001_010181A_v09_SDR_PS_FINAL_20180725_SDR_2K_HEVC.mov",
      "url-4K-SDR" : "https:\/\/sylvan.apple.com\/Aerials\/2x\/Videos\/comp_A009_C001_010181A_v09_SDR_PS_FINAL_20180725_SDR_4K_HEVC.mov",
      "url-4K-HDR" : "https:\/\/sylvan.apple.com\/Aerials\/2x\/Videos\/comp_A009_C001_010181A_v09_HDR_PS_FINAL_20180725_HDR_4K_HEVC.mov"
    },
    {
      "pointsOfInterest" : {
        "0" : "H004_C007_0"
      },
      "url-1080-H264" : "https:\/\/sylvan.apple.com\/Videos\/comp_H004_C007_PS_v02_SDR_PS_20180925_SDR_2K_AVC.mov",
      "accessibilityLabel" : "Hawaii",
      "id" : "82BD33C9-B6D2-47E7-9C42-AA3B7758921A",
      "url-1080-HDR" : "https:\/\/sylvan.apple.com\/Aerials\/2x\/Videos\/comp_H004_C007_PS_v02_HDR_PS_20180925_HDR_2K_HEVC.mov",
      "url-1080-SDR" : "https:\/\/sylvan.apple.com\/Aerials\/2x\/Videos\/comp_H004_C007_PS_v02_SDR_PS_20180925_SDR_2K_HEVC.mov",
      "url-4K-SDR" : "https:\/\/sylvan.apple.com\/Aerials\/2x\/Videos\/comp_H004_C007_PS_v02_SDR_PS_20180925_SDR_4K_HEVC.mov",
      "url-4K-HDR" : "https:\/\/sylvan.apple.com\/Aerials\/2x\/Videos\/comp_H004_C007_PS_v02_HDR_PS_20180925_HDR_4K_HEVC.mov"
    },
    {
      "pointsOfInterest" : {
        "0" : "GL_G002_C002_0"
      },
      "url-1080-H264" : "https:\/\/sylvan.apple.com\/Videos\/comp_GL_G002_C002_PSNK_v03_SDR_PS_20180925_SDR_2K_AVC.mov",
      "accessibilityLabel" : "Greenland",
      "id" : "2F52E34C-39D4-4AB1-9025-8F7141FAA720",
      "url-1080-HDR" : "https:\/\/sylvan.apple.com\/Aerials\/2x\/Videos\/comp_GL_G002_C002_PSNK_v03_HDR_PS_20180925_HDR_2K_tuned.mov",
      "url-1080-SDR" : "https:\/\/sylvan.apple.com\/Aerials\/2x\/Videos\/comp_GL_G002_C002_PSNK_v03_SDR_PS_20180925_SDR_2K_HEVC.mov",
      "url-4K-SDR" : "https:\/\/sylvan.apple.com\/Aerials\/2x\/Videos\/comp_GL_G002_C002_PSNK_v03_SDR_PS_20180925_SDR_4K_HEVC.mov",
      "url-4K-HDR" : "https:\/\/sylvan.apple.com\/Aerials\/2x\/Videos\/comp_GL_G002_C002_PSNK_v03_HDR_PS_20180925_HDR_4K_tuned.mov"
    },
    {
      "pointsOfInterest" : {
        "0" : "DB_D008_C010_0"
      },
      "url-1080-H264" : "https:\/\/sylvan.apple.com\/Videos\/comp_DB_D008_C010_PSNK_v21_SDR_PS_20180914_F0F16157_SDR_2K_AVC.mov",
      "accessibilityLabel" : "Dubai",
      "id" : "876D51F4-3D78-4221-8AD2-F9E78C0FD9B9",
      "url-1080-HDR" : "https:\/\/sylvan.apple.com\/Aerials\/2x\/Videos\/comp_DB_D008_C010_PSNK_v21_HDR_PS_20180914_F0F16157_HDR_2K_HEVC.mov",
      "url-1080-SDR" : "https:\/\/sylvan.apple.com\/Aerials\/2x\/Videos\/comp_DB_D008_C010_PSNK_v21_SDR_PS_20180914_F0F16157_SDR_2K_HEVC.mov",
      "url-4K-SDR" : "https:\/\/sylvan.apple.com\/Aerials\/2x\/Videos\/comp_DB_D008_C010_PSNK_v21_SDR_PS_20180914_F0F16157_SDR_4K_HEVC.mov",
      "url-4K-HDR" : "https:\/\/sylvan.apple.com\/Aerials\/2x\/Videos\/comp_DB_D008_C010_PSNK_v21_HDR_PS_20180914_F0F16157_HDR_4K_HEVC.mov"
    },
    {
      "pointsOfInterest" : {
        "0" : "LA_A006_C004_0",
        "250" : "LA_A006_C004_250"
      },
      "url-1080-H264" : "https:\/\/sylvan.apple.com\/Videos\/comp_LA_A006_C004_v01_SDR_FINAL_PS_20180730_SDR_2K_AVC.mov",
      "accessibilityLabel" : "Los Angeles",
      "id" : "EC67726A-8212-4C5E-83CF-8412932740D2",
      "url-1080-HDR" : "https:\/\/sylvan.apple.com\/Aerials\/2x\/Videos\/comp_LA_A006_C004_v01_HDR_FINAL_PS_20180730_HDR_2K_HEVC.mov",
      "url-1080-SDR" : "https:\/\/sylvan.apple.com\/Aerials\/2x\/Videos\/comp_LA_A006_C004_v01_SDR_FINAL_PS_20180730_SDR_2K_HEVC.mov",
      "url-4K-SDR" : "https:\/\/sylvan.apple.com\/Aerials\/2x\/Videos\/comp_LA_A006_C004_v01_SDR_FINAL_PS_20180730_SDR_4K_HEVC.mov",
      "url-4K-HDR" : "https:\/\/sylvan.apple.com\/Aerials\/2x\/Videos\/comp_LA_A006_C004_v01_HDR_FINAL_PS_20180730_HDR_4K_HEVC.mov"
    },
    {
      "pointsOfInterest" : {
        "0" : "H005_C012_0"
      },
      "url-1080-H264" : "https:\/\/sylvan.apple.com\/Videos\/comp_H005_C012_PS_v01_SDR_PS_20180925_SDR_2K_AVC.mov",
      "accessibilityLabel" : "Hawaii",
      "id" : "499995FA-E51A-4ACE-8DFD-BDF8AFF6C943",
      "url-1080-HDR" : "https:\/\/sylvan.apple.com\/Aerials\/2x\/Videos\/comp_H005_C012_PS_v01_HDR_PS_20180925_HDR_2K_HEVC.mov",
      "url-1080-SDR" : "https:\/\/sylvan.apple.com\/Aerials\/2x\/Videos\/comp_H005_C012_PS_v01_SDR_PS_20180925_SDR_2K_HEVC.mov",
      "url-4K-SDR" : "https:\/\/sylvan.apple.com\/Aerials\/2x\/Videos\/comp_H005_C012_PS_v01_SDR_PS_20180925_SDR_4K_HEVC.mov",
      "url-4K-HDR" : "https:\/\/sylvan.apple.com\/Aerials\/2x\/Videos\/comp_H005_C012_PS_v01_HDR_PS_20180925_HDR_4K_HEVC.mov"
    },
    {
      "pointsOfInterest" : {
        "0" : "DB_D001_C001_0"
      },
      "url-1080-H264" : "https:\/\/sylvan.apple.com\/Videos\/comp_DB_D001_C001_PSNK_v06_SDR_PS_20180824_SDR_2K_AVC.mov",
      "accessibilityLabel" : "Dubai",
      "id" : "E991AC0C-F272-44D8-88F3-05F44EDFE3AE",
      "url-1080-HDR" : "https:\/\/sylvan.apple.com\/Aerials\/2x\/Videos\/comp_DB_D001_C001_PSNK_v06_HDR_PS_20180824_HDR_2K_HEVC.mov",
      "url-1080-SDR" : "https:\/\/sylvan.apple.com\/Aerials\/2x\/Videos\/comp_DB_D001_C001_PSNK_v06_SDR_PS_20180824_SDR_2K_HEVC.mov",
      "url-4K-SDR" : "https:\/\/sylvan.apple.com\/Aerials\/2x\/Videos\/comp_DB_D001_C001_PSNK_v06_SDR_PS_20180824_SDR_4K_HEVC.mov",
      "url-4K-HDR" : "https:\/\/sylvan.apple.com\/Aerials\/2x\/Videos\/comp_DB_D001_C001_PSNK_v06_HDR_PS_20180824_HDR_4K_HEVC.mov"
    },
    {
      "pointsOfInterest" : {
        "200" : "L012_C002_200",
        "60" : "L012_C002_60",
        "0" : "L012_C002_0",
        "92" : "L012_C002_92",
        "270" : "L012_C002_270",
        "20" : "L012_C002_20"
      },
      "url-1080-H264" : "https:\/\/sylvan.apple.com\/Videos\/comp_L012_c002_PS_v01_SDR_PS_20180925_SDR_2K_AVC.mov",
      "accessibilityLabel" : "London",
      "id" : "F604AF56-EA77-4960-AEF7-82533CC1A8B3",
      "url-1080-HDR" : "https:\/\/sylvan.apple.com\/Aerials\/2x\/Videos\/comp_L012_C002_PS_v01_HDR_PS_20180925_HDR_2K_HEVC.mov",
      "url-1080-SDR" : "https:\/\/sylvan.apple.com\/Aerials\/2x\/Videos\/comp_L012_c002_PS_v01_SDR_PS_20180925_SDR_2K_HEVC.mov",
      "url-4K-SDR" : "https:\/\/sylvan.apple.com\/Aerials\/2x\/Videos\/comp_L012_c002_PS_v01_SDR_PS_20180925_SDR_4K_HEVC.mov",
      "url-4K-HDR" : "https:\/\/sylvan.apple.com\/Aerials\/2x\/Videos\/comp_L012_C002_PS_v01_HDR_PS_20180925_HDR_4K_HEVC.mov"
    },
    {
      "pointsOfInterest" : {
        "220" : "A001_C004_1207W5_220",
        "125" : "A001_C004_1207W5_125",
        "105" : "A001_C004_1207W5_105",
        "45" : "A001_C004_1207W5_45",
        "0" : "A001_C004_1207W5_0",
        "185" : "A001_C004_1207W5_185",
        "165" : "A001_C004_1207W5_165",
        "75" : "A001_C004_1207W5_75",
        "145" : "A001_C004_1207W5_145"
      },
      "url-1080-H264" : "https:\/\/sylvan.apple.com\/Videos\/comp_A001_C004_1207W5_v23_SDR_FINAL_20180706_SDR_2K_AVC.mov",
      "accessibilityLabel" : "West Africa to the Alps",
      "id" : "63C042F0-90EF-4A95-B7CC-CC9A64BF8421",
      "url-1080-HDR" : "https:\/\/sylvan.apple.com\/Aerials\/2x\/Videos\/comp_A001_C004_1207W5_v23_HDR_FINAL_20180706_HDR_2K_HEVC.mov",
      "url-1080-SDR" : "https:\/\/sylvan.apple.com\/Aerials\/2x\/Videos\/comp_A001_C004_1207W5_v23_SDR_FINAL_20180706_SDR_2K_HEVC.mov",
      "url-4K-SDR" : "https:\/\/sylvan.apple.com\/Aerials\/2x\/Videos\/comp_A001_C004_1207W5_v23_SDR_FINAL_20180706_SDR_4K_HEVC.mov",
      "url-4K-HDR" : "https:\/\/sylvan.apple.com\/Aerials\/2x\/Videos\/comp_A001_C004_1207W5_v23_HDR_FINAL_20180706_HDR_4K_HEVC.mov"
    },
    {
      "pointsOfInterest" : {
        "122" : "GMT307_136NC_134K_8277_122",
        "190" : "GMT307_136NC_134K_8277_190",
        "180" : "GMT307_136NC_134K_8277_180",
        "105" : "GMT307_136NC_134K_8277_105",
        "320" : "GMT307_136NC_134K_8277_320",
        "0" : "GMT307_136NC_134K_8277_0",
        "215" : "GMT307_136NC_134K_8277_215",
        "280" : "GMT307_136NC_134K_8277_280"
      },
      "url-1080-H264" : "https:\/\/sylvan.apple.com\/Videos\/comp_GMT307_136NC_134K_8277_NY_NIGHT_01_v25_SDR_PS_20180907_SDR_2K_AVC.mov",
      "accessibilityLabel" : "New York Night",
      "id" : "B1B5DDC5-73C8-4920-8133-BACCE38A08DE",
      "url-1080-HDR" : "https:\/\/sylvan.apple.com\/Aerials\/2x\/Videos\/comp_GMT307_136NC_134K_8277_NY_NIGHT_01_v25_HDR_PS_20180907_HDR_2K_HEVC.mov",
      "url-1080-SDR" : "https:\/\/sylvan.apple.com\/Aerials\/2x\/Videos\/comp_GMT307_136NC_134K_8277_NY_NIGHT_01_v25_SDR_PS_20180907_SDR_2K_HEVC.mov",
      "url-4K-SDR" : "https:\/\/sylvan.apple.com\/Aerials\/2x\/Videos\/comp_GMT307_136NC_134K_8277_NY_NIGHT_01_v25_SDR_PS_20180907_SDR_4K_HEVC.mov",
      "url-4K-HDR" : "https:\/\/sylvan.apple.com\/Aerials\/2x\/Videos\/comp_GMT307_136NC_134K_8277_NY_NIGHT_01_v25_HDR_PS_20180907_HDR_4K_HEVC.mov"
    },
    {
      "pointsOfInterest" : {
        "0" : "A013_C004_0",
        "150" : "A013_C004_150",
        "90" : "A013_C004_90",
        "360" : "A013_C004_360"
      },
      "url-1080-H264" : "https:\/\/sylvan.apple.com\/Videos\/comp_1223LV_FLARE_v21_SDR_PS_FINAL_20180709_F0F5700_SDR_2K_AVC.mov",
      "accessibilityLabel" : "San Francisco",
      "id" : "4AD99907-9E76-408D-A7FC-8429FF014201",
      "url-1080-HDR" : "https:\/\/sylvan.apple.com\/Aerials\/2x\/Videos\/comp_1223LV_FLARE_v21_HDR_PS_FINAL_20180710_F0F5700_HDR_2K_HEVC.mov",
      "url-1080-SDR" : "https:\/\/sylvan.apple.com\/Aerials\/2x\/Videos\/comp_1223LV_FLARE_v21_SDR_PS_FINAL_20180709_F0F5700_SDR_2K_HEVC.mov",
      "url-4K-SDR" : "https:\/\/sylvan.apple.com\/Aerials\/2x\/Videos\/comp_1223LV_FLARE_v21_SDR_PS_FINAL_20180709_F0F5700_SDR_4K_HEVC.mov",
      "url-4K-HDR" : "https:\/\/sylvan.apple.com\/Aerials\/2x\/Videos\/comp_1223LV_FLARE_v21_HDR_PS_FINAL_20180710_F0F5700_HDR_4K_HEVC.mov"
    },
    {
      "pointsOfInterest" : {
        "0" : "HK_H004_C013_0",
        "150" : "HK_H004_C013_150",
        "270" : "HK_H004_C013_270"
      },
      "url-1080-H264" : "https:\/\/sylvan.apple.com\/Videos\/comp_HK_H004_C013_t9_6M_HB_tag0.mov",
      "accessibilityLabel" : "Hong Kong",
      "id" : "024891DE-B7F6-4187-BFE0-E6D237702EF0",
      "url-1080-HDR" : "https:\/\/sylvan.apple.com\/Aerials\/2x\/Videos\/HK_H004_C013_2K_HDR_HEVC.mov",
      "url-1080-SDR" : "https:\/\/sylvan.apple.com\/Aerials\/2x\/Videos\/HK_H004_C013_2K_SDR_HEVC.mov",
      "url-4K-SDR" : "https:\/\/sylvan.apple.com\/Aerials\/2x\/Videos\/HK_H004_C013_4K_SDR_HEVC.mov",
      "url-4K-HDR" : "https:\/\/sylvan.apple.com\/Aerials\/2x\/Videos\/HK_H004_C013_4K_HDR_HEVC.mov"
    },
    {
      "pointsOfInterest" : {
        "0" : "LA_A011_C003_0"
      },
      "url-1080-H264" : "https:\/\/sylvan.apple.com\/Videos\/comp_LA_A011_C003_DGRN_LNFIX_STAB_v57_SDR_PS_20181002_SDR_2K_AVC.mov",
      "accessibilityLabel" : "Los Angeles",
      "id" : "F5804DD6-5963-40DA-9FA0-39C0C6E6DEF9",
      "url-1080-HDR" : "https:\/\/sylvan.apple.com\/Aerials\/2x\/Videos\/comp_LA_A011_C003_DGRN_LNFIX_STAB_v57_HDR_PS_20181002_HDR_2K_HEVC.mov",
      "url-1080-SDR" : "https:\/\/sylvan.apple.com\/Aerials\/2x\/Videos\/comp_LA_A011_C003_DGRN_LNFIX_STAB_v57_SDR_PS_20181002_SDR_2K_HEVC.mov",
      "url-4K-SDR" : "https:\/\/sylvan.apple.com\/Aerials\/2x\/Videos\/comp_LA_A011_C003_DGRN_LNFIX_STAB_v57_SDR_PS_20181002_SDR_4K_HEVC.mov",
      "url-4K-HDR" : "https:\/\/sylvan.apple.com\/Aerials\/2x\/Videos\/comp_LA_A011_C003_DGRN_LNFIX_STAB_v57_HDR_PS_20181002_HDR_4K_HEVC.mov"
    },
    {
      "pointsOfInterest" : {
        "60" : "A013_C012_60",
        "0" : "A013_C012_0",
        "140" : "A013_C012_140",
        "260" : "A013_C012_260",
        "230" : "A013_C012_230"
      },
      "url-1080-H264" : "https:\/\/sylvan.apple.com\/Videos\/comp_A013_C012_0122D6_CC_v01_SDR_PS_FINAL_20180709_SDR_2K_AVC.mov",
      "accessibilityLabel" : "San Francisco",
      "id" : "72B4390D-DF1D-4D51-B179-229BBAEFFF2C",
      "url-1080-HDR" : "https:\/\/sylvan.apple.com\/Aerials\/2x\/Videos\/comp_A013_C012_0122D6_CC_v01_HDR_PS_FINAL_20180710_HDR_2K_HEVC.mov",
      "url-1080-SDR" : "https:\/\/sylvan.apple.com\/Aerials\/2x\/Videos\/comp_A013_C012_0122D6_CC_v01_SDR_PS_FINAL_20180709_SDR_2K_HEVC.mov",
      "url-4K-SDR" : "https:\/\/sylvan.apple.com\/Aerials\/2x\/Videos\/comp_A013_C012_0122D6_CC_v01_SDR_PS_FINAL_20180709_SDR_4K_HEVC.mov",
      "url-4K-HDR" : "https:\/\/sylvan.apple.com\/Aerials\/2x\/Videos\/comp_A013_C012_0122D6_CC_v01_HDR_PS_FINAL_20180710_HDR_4K_HEVC.mov"
    },
    {
      "pointsOfInterest" : {
        "0" : "LW_L001_C003_0"
      },
      "url-1080-H264" : "https:\/\/sylvan.apple.com\/Videos\/comp_LW_L001_C003__PSNK_DENOISE_v04_SDR_PS_FINAL_20180803_SDR_2K_AVC.mov",
      "accessibilityLabel" : "Liwa",
      "id" : "AFA22C08-A486-4CE8-9A13-E355B6C38559",
      "url-1080-HDR" : "https:\/\/sylvan.apple.com\/Aerials\/2x\/Videos\/comp_LW_L001_C003__PSNK_DENOISE_v04_HDR_PS_FINAL_20180803_HDR_2K_HEVC.mov",
      "url-1080-SDR" : "https:\/\/sylvan.apple.com\/Aerials\/2x\/Videos\/comp_LW_L001_C003__PSNK_DENOISE_v04_SDR_PS_FINAL_20180803_SDR_2K_HEVC.mov",
      "url-4K-SDR" : "https:\/\/sylvan.apple.com\/Aerials\/2x\/Videos\/comp_LW_L001_C003__PSNK_DENOISE_v04_SDR_PS_FINAL_20180803_SDR_4K_HEVC.mov",
      "url-4K-HDR" : "https:\/\/sylvan.apple.com\/Aerials\/2x\/Videos\/comp_LW_L001_C003__PSNK_DENOISE_v04_HDR_PS_FINAL_20180803_HDR_4K_HEVC.mov"
    },
    {
      "pointsOfInterest" : {
        "196" : "A007_C017_196",
        "0" : "A007_C017_0",
        "150" : "A007_C017_150",
        "80" : "A007_C017_80"
      },
      "url-1080-H264" : "https:\/\/sylvan.apple.com\/Videos\/comp_A007_C017_01156B_v02_SDR_PS_20180925_SDR_2K_AVC.mov",
      "accessibilityLabel" : "San Francisco",
      "id" : "29BDF297-EB43-403A-8719-A78DA11A2948",
      "url-1080-HDR" : "https:\/\/sylvan.apple.com\/Aerials\/2x\/Videos\/comp_A007_C017_01156B_v02_HDR_PS_20180925_HDR_2K_HEVC.mov",
      "url-1080-SDR" : "https:\/\/sylvan.apple.com\/Aerials\/2x\/Videos\/comp_A007_C017_01156B_v02_SDR_PS_20180925_SDR_2K_HEVC.mov",
      "url-4K-SDR" : "https:\/\/sylvan.apple.com\/Aerials\/2x\/Videos\/comp_A007_C017_01156B_v02_SDR_PS_20180925_SDR_4K_HEVC.mov",
      "url-4K-HDR" : "https:\/\/sylvan.apple.com\/Aerials\/2x\/Videos\/comp_A007_C017_01156B_v02_HDR_PS_20180925_HDR_4K_HEVC.mov"
    },
    {
      "pointsOfInterest" : {
        "315" : "GMT308_139K_142NC_315",
        "300" : "GMT308_139K_142NC_300",
        "0" : "GMT308_139K_142NC_0",
        "90" : "GMT308_139K_142NC_90",
        "120" : "GMT308_139K_142NC_120",
        "240" : "GMT308_139K_142NC_240",
        "220" : "GMT308_139K_142NC_220",
        "285" : "GMT308_139K_142NC_285"
      },
      "url-1080-H264" : "https:\/\/sylvan.apple.com\/Videos\/comp_GMT308_139K_142NC_CARIBBEAN_DAY_v09_SDR_FINAL_22062018_SDR_2K_AVC.mov",
      "accessibilityLabel" : "Caribbean Day",
      "id" : "4F881F8B-A7D9-4FDB-A917-17BF6AC5A589",
      "url-1080-HDR" : "https:\/\/sylvan.apple.com\/Aerials\/2x\/Videos\/comp_GMT308_139K_142NC_CARIBBEAN_DAY_v09_HDR_PS_FINAL_22062018_HDR_2K_HEVC.mov",
      "url-1080-SDR" : "https:\/\/sylvan.apple.com\/Aerials\/2x\/Videos\/comp_GMT308_139K_142NC_CARIBBEAN_DAY_v09_SDR_FINAL_22062018_SDR_2K_HEVC.mov",
      "url-4K-SDR" : "https:\/\/sylvan.apple.com\/Aerials\/2x\/Videos\/comp_GMT308_139K_142NC_CARIBBEAN_DAY_v09_SDR_FINAL_22062018_SDR_4K_HEVC.mov",
      "url-4K-HDR" : "https:\/\/sylvan.apple.com\/Aerials\/2x\/Videos\/comp_GMT308_139K_142NC_CARIBBEAN_DAY_v09_HDR_PS_FINAL_22062018_HDR_4K_HEVC.mov"
    },
    {
      "pointsOfInterest" : {
        "50" : "GMT329_2_113NC_396B_1105_50",
        "45" : "GMT329_2_113NC_396B_1105_45",
        "0" : "GMT329_2_113NC_396B_1105_0",
        "30" : "GMT329_2_113NC_396B_1105_30",
        "10" : "GMT329_2_113NC_396B_1105_10"
      },
      "url-1080-H264" : "https:\/\/sylvan.apple.com\/Videos\/comp_GMT329_113NC_396B_1105_CHINA_v04_SDR_FINAL_20180706_F900F2700_SDR_2K_AVC.mov",
      "accessibilityLabel" : "China",
      "id" : "7825C73A-658F-48EE-B14C-EC56673094AC",
      "url-1080-HDR" : "https:\/\/sylvan.apple.com\/Aerials\/2x\/Videos\/comp_GMT329_113NC_396B_1105_CHINA_v04_HDR_FINAL_20180706_F900F2700_HDR_2K_HEVC.mov",
      "url-1080-SDR" : "https:\/\/sylvan.apple.com\/Aerials\/2x\/Videos\/comp_GMT329_113NC_396B_1105_CHINA_v04_SDR_FINAL_20180706_F900F2700_SDR_2K_HEVC.mov",
      "url-4K-SDR" : "https:\/\/sylvan.apple.com\/Aerials\/2x\/Videos\/comp_GMT329_113NC_396B_1105_CHINA_v04_SDR_FINAL_20180706_F900F2700_SDR_4K_HEVC.mov",
      "url-4K-HDR" : "https:\/\/sylvan.apple.com\/Aerials\/2x\/Videos\/comp_GMT329_113NC_396B_1105_CHINA_v04_HDR_FINAL_20180706_F900F2700_HDR_4K_HEVC.mov"
    },
    {
      "pointsOfInterest" : {
        "0" : "H012_C009_0"
      },
      "url-1080-H264" : "https:\/\/sylvan.apple.com\/Videos\/comp_H012_C009_PS_v01_SDR_PS_20180925_SDR_2K_AVC.mov",
      "accessibilityLabel" : "Hawaii",
      "id" : "3D729CFC-9000-48D3-A052-C5BD5B7A6842",
      "url-1080-HDR" : "https:\/\/sylvan.apple.com\/Aerials\/2x\/Videos\/comp_H012_C009_PS_v01_HDR_PS_20180925_HDR_2K_HEVC.mov",
      "url-1080-SDR" : "https:\/\/sylvan.apple.com\/Aerials\/2x\/Videos\/comp_H012_C009_PS_v01_SDR_PS_20180925_SDR_2K_HEVC.mov",
      "url-4K-SDR" : "https:\/\/sylvan.apple.com\/Aerials\/2x\/Videos\/comp_H012_C009_PS_v01_SDR_PS_20180925_SDR_4K_HEVC.mov",
      "url-4K-HDR" : "https:\/\/sylvan.apple.com\/Aerials\/2x\/Videos\/comp_H012_C009_PS_v01_HDR_PS_20180925_HDR_4K_HEVC.mov"
    },
    {
      "pointsOfInterest" : {
        "0" : "DB_D002_C003_0",
        "210" : "DB_D002_C003_210"
      },
      "url-1080-H264" : "https:\/\/sylvan.apple.com\/Videos\/comp_DB_D002_C003_PSNK_v04_SDR_PS_20180914_SDR_2K_AVC.mov",
      "accessibilityLabel" : "Dubai",
      "id" : "00BA71CD-2C54-415A-A68A-8358E677D750",
      "url-1080-HDR" : "https:\/\/sylvan.apple.com\/Aerials\/2x\/Videos\/comp_DB_D002_C003_PSNK_v04_HDR_PS_20180914_HDR_2K_HEVC.mov",
      "url-1080-SDR" : "https:\/\/sylvan.apple.com\/Aerials\/2x\/Videos\/comp_DB_D002_C003_PSNK_v04_SDR_PS_20180914_SDR_2K_HEVC.mov",
      "url-4K-SDR" : "https:\/\/sylvan.apple.com\/Aerials\/2x\/Videos\/comp_DB_D002_C003_PSNK_v04_SDR_PS_20180914_SDR_4K_HEVC.mov",
      "url-4K-HDR" : "https:\/\/sylvan.apple.com\/Aerials\/2x\/Videos\/comp_DB_D002_C003_PSNK_v04_HDR_PS_20180914_HDR_4K_HEVC.mov"
    },
    {
      "pointsOfInterest" : {
        "0" : "CH_C007_C004_0"
      },
      "url-1080-H264" : "https:\/\/sylvan.apple.com\/Videos\/comp_CH_C007_C004_PSNK_v02_SDR_PS_FINAL_20180709_SDR_2K_AVC.mov",
      "accessibilityLabel" : "China",
      "id" : "D5E76230-81A3-4F65-A1BA-51B8CADED625",
      "url-1080-HDR" : "https:\/\/sylvan.apple.com\/Aerials\/2x\/Videos\/comp_CH_C007_C004_PSNK_v02_HDR_FINAL_20180709_HDR_2K_HEVC.mov",
      "url-1080-SDR" : "https:\/\/sylvan.apple.com\/Aerials\/2x\/Videos\/comp_CH_C007_C004_PSNK_v02_SDR_PS_FINAL_20180709_SDR_2K_HEVC.mov",
      "url-4K-SDR" : "https:\/\/sylvan.apple.com\/Aerials\/2x\/Videos\/comp_CH_C007_C004_PSNK_v02_SDR_PS_FINAL_20180709_SDR_4K_HEVC.mov",
      "url-4K-HDR" : "https:\/\/sylvan.apple.com\/Aerials\/2x\/Videos\/comp_CH_C007_C004_PSNK_v02_HDR_FINAL_20180709_HDR_4K_HEVC.mov"
    },
    {
      "pointsOfInterest" : {
        "0" : "LA_A009_C009_0"
      },
      "url-1080-H264" : "https:\/\/sylvan.apple.com\/Videos\/comp_LA_A009_C009_PSNK_v02_SDR_PS_FINAL_20180709_SDR_2K_AVC.mov",
      "accessibilityLabel" : "Los Angeles",
      "id" : "89B1643B-06DD-4DEC-B1B0-774493B0F7B7",
      "url-1080-HDR" : "https:\/\/sylvan.apple.com\/Aerials\/2x\/Videos\/comp_LA_A009_C009_PSNK_v02_HDR_FINAL_20180709_HDR_2K_HEVC.mov",
      "url-1080-SDR" : "https:\/\/sylvan.apple.com\/Aerials\/2x\/Videos\/comp_LA_A009_C009_PSNK_v02_SDR_PS_FINAL_20180709_SDR_2K_HEVC.mov",
      "url-4K-SDR" : "https:\/\/sylvan.apple.com\/Aerials\/2x\/Videos\/comp_LA_A009_C009_PSNK_v02_SDR_PS_FINAL_20180709_SDR_4K_HEVC.mov",
      "url-4K-HDR" : "https:\/\/sylvan.apple.com\/Aerials\/2x\/Videos\/comp_LA_A009_C009_PSNK_v02_HDR_FINAL_20180709_HDR_4K_HEVC.mov"
    },
    {
      "pointsOfInterest" : {
        "78" : "L010_C006_78",
        "258" : "L010_C006_258",
        "0" : "L010_C006_0",
        "178" : "L010_C006_178"
      },
      "url-1080-H264" : "https:\/\/sylvan.apple.com\/Videos\/comp_L010_C006_PS_v01_SDR_PS_20180925_SDR_2K_AVC.mov",
      "accessibilityLabel" : "London",
      "id" : "58754319-8709-4AB0-8674-B34F04E7FFE2",
      "url-1080-HDR" : "https:\/\/sylvan.apple.com\/Aerials\/2x\/Videos\/comp_L010_C006_PS_v01_HDR_PS_20180925_HDR_2K_HEVC.mov",
      "url-1080-SDR" : "https:\/\/sylvan.apple.com\/Aerials\/2x\/Videos\/comp_L010_C006_PS_v01_SDR_PS_20180925_SDR_2K_HEVC.mov",
      "url-4K-SDR" : "https:\/\/sylvan.apple.com\/Aerials\/2x\/Videos\/comp_L010_C006_PS_v01_SDR_PS_20180925_SDR_4K_HEVC.mov",
      "url-4K-HDR" : "https:\/\/sylvan.apple.com\/Aerials\/2x\/Videos\/comp_L010_C006_PS_v01_HDR_PS_20180925_HDR_4K_HEVC.mov"
    },
    {
      "pointsOfInterest" : {
        "200" : "GMT314_139M_170NC_200",
        "185" : "GMT314_139M_170NC_185",
        "75" : "GMT314_139M_170NC_75",
        "110" : "GMT314_139M_170NC_110",
        "300" : "GMT314_139M_170NC_300",
        "55" : "GMT314_139M_170NC_55",
        "210" : "GMT314_139M_170NC_210",
        "45" : "GMT314_139M_170NC_45",
        "235" : "GMT314_139M_170NC_235",
        "0" : "GMT314_139M_170NC_0",
        "125" : "GMT314_139M_170NC_125",
        "250" : "GMT314_139M_170NC_250"
      },
      "url-1080-H264" : "https:\/\/sylvan.apple.com\/Videos\/comp_GMT314_139M_170NC_NORTH_AMERICA_AURORA__COMP_v22_SDR_20181206_v12CC_SDR_2K_AVC.mov",
      "accessibilityLabel" : "North America Aurora",
      "id" : "737E9E24-49BE-4104-9B72-F352DE1AD2BF",
      "url-1080-HDR" : "https:\/\/sylvan.apple.com\/Aerials\/2x\/Videos\/comp_GMT314_139M_170NC_NORTH_AMERICA_AURORA__COMP_v22_HDR_20181206_v12CC_HDR_2K_HEVC.mov",
      "url-1080-SDR" : "https:\/\/sylvan.apple.com\/Aerials\/2x\/Videos\/comp_GMT314_139M_170NC_NORTH_AMERICA_AURORA__COMP_v22_SDR_20181206_v12CC_SDR_2K_HEVC.mov",
      "url-4K-SDR" : "https:\/\/sylvan.apple.com\/Aerials\/2x\/Videos\/comp_GMT314_139M_170NC_NORTH_AMERICA_AURORA__COMP_v22_SDR_20181206_v12CC_SDR_4K_HEVC.mov",
      "url-4K-HDR" : "https:\/\/sylvan.apple.com\/Aerials\/2x\/Videos\/comp_GMT314_139M_170NC_NORTH_AMERICA_AURORA__COMP_v22_HDR_20181206_v12CC_HDR_4K_HEVC.mov"
    },
    {
      "pointsOfInterest" : {
        "0" : "H007_C003_0"
      },
      "url-1080-H264" : "https:\/\/sylvan.apple.com\/Videos\/comp_H007_C003_PS_v01_SDR_PS_20180925_SDR_2K_AVC.mov",
      "accessibilityLabel" : "Hawaii",
      "id" : "12E0343D-2CD9-48EA-AB57-4D680FB6D0C7",
      "url-1080-HDR" : "https:\/\/sylvan.apple.com\/Aerials\/2x\/Videos\/comp_H007_C003_PS_v01_HDR_PS_20180925_HDR_2K_tuned.mov",
      "url-1080-SDR" : "https:\/\/sylvan.apple.com\/Aerials\/2x\/Videos\/comp_H007_C003_PS_v01_SDR_PS_20180925_SDR_2K_HEVC.mov",
      "url-4K-SDR" : "https:\/\/sylvan.apple.com\/Aerials\/2x\/Videos\/comp_H007_C003_PS_v01_SDR_PS_20180925_SDR_4K_HEVC.mov",
      "url-4K-HDR" : "https:\/\/sylvan.apple.com\/Aerials\/2x\/Videos\/comp_H007_C003_PS_v01_HDR_PS_20180925_HDR_4K_tuned.mov"
    },
    {
      "pointsOfInterest" : {
        "0" : "LW_L001_C006_0"
      },
      "url-1080-H264" : "https:\/\/sylvan.apple.com\/Videos\/comp_LW_L001_C006_PSNK_DENOISE_v02_SDR_PS_FINAL_20180709_SDR_2K_AVC.mov",
      "accessibilityLabel" : "Liwa",
      "id" : "001C94AE-2BA4-4E77-A202-F7DE60E8B1C8",
      "url-1080-HDR" : "https:\/\/sylvan.apple.com\/Aerials\/2x\/Videos\/comp_LW_L001_C006_PSNK_DENOISE_v02_HDR_FINAL_20180709_HDR_2K_HEVC.mov",
      "url-1080-SDR" : "https:\/\/sylvan.apple.com\/Aerials\/2x\/Videos\/comp_LW_L001_C006_PSNK_DENOISE_v02_SDR_PS_FINAL_20180709_SDR_2K_HEVC.mov",
      "url-4K-SDR" : "https:\/\/sylvan.apple.com\/Aerials\/2x\/Videos\/comp_LW_L001_C006_PSNK_DENOISE_v02_SDR_PS_FINAL_20180709_SDR_4K_HEVC.mov",
      "url-4K-HDR" : "https:\/\/sylvan.apple.com\/Aerials\/2x\/Videos\/comp_LW_L001_C006_PSNK_DENOISE_v02_HDR_FINAL_20180709_HDR_4K_HEVC.mov"
    },
    {
      "pointsOfInterest" : {
        "0" : "H004_C009_0"
      },
      "url-1080-H264" : "https:\/\/sylvan.apple.com\/Videos\/comp_H004_C009_PS_v01_SDR_PS_20180925_SDR_2K_AVC.mov",
      "accessibilityLabel" : "Hawaii",
      "id" : "258A6797-CC13-4C3A-AB35-4F25CA3BF474",
      "url-1080-HDR" : "https:\/\/sylvan.apple.com\/Aerials\/2x\/Videos\/comp_H004_C009_PS_v01_HDR_PS_20180925_HDR_2K_HEVC.mov",
      "url-1080-SDR" : "https:\/\/sylvan.apple.com\/Aerials\/2x\/Videos\/comp_H004_C009_PS_v01_SDR_PS_20180925_SDR_2K_HEVC.mov",
      "url-4K-SDR" : "https:\/\/sylvan.apple.com\/Aerials\/2x\/Videos\/comp_H004_C009_PS_v01_SDR_PS_20180925_SDR_4K_HEVC.mov",
      "url-4K-HDR" : "https:\/\/sylvan.apple.com\/Aerials\/2x\/Videos\/comp_H004_C009_PS_v01_HDR_PS_20180925_HDR_4K_HEVC.mov"
    },
    {
      "pointsOfInterest" : {
        "60" : "A083_C002_1130KZ_60",
        "0" : "A083_C002_1130KZ_0",
        "15" : "A083_C002_1130KZ_15"
      },
      "url-1080-H264" : "https:\/\/sylvan.apple.com\/Videos\/comp_A083_C002_1130KZ_v04_SDR_PS_FINAL_20180725_SDR_2K_AVC.mov",
      "accessibilityLabel" : "Iran and Afghanistan",
      "id" : "F439B0A7-D18C-4B14-9681-6520E6A74FE9",
      "url-1080-HDR" : "https:\/\/sylvan.apple.com\/Aerials\/2x\/Videos\/comp_A083_C002_1130KZ_v04_HDR_PS_FINAL_20180725_HDR_2K_HEVC.mov",
      "url-1080-SDR" : "https:\/\/sylvan.apple.com\/Aerials\/2x\/Videos\/comp_A083_C002_1130KZ_v04_SDR_PS_FINAL_20180725_SDR_2K_HEVC.mov",
      "url-4K-SDR" : "https:\/\/sylvan.apple.com\/Aerials\/2x\/Videos\/comp_A083_C002_1130KZ_v04_SDR_PS_FINAL_20180725_SDR_4K_HEVC.mov",
      "url-4K-HDR" : "https:\/\/sylvan.apple.com\/Aerials\/2x\/Videos\/comp_A083_C002_1130KZ_v04_HDR_PS_FINAL_20180725_HDR_4K_HEVC.mov"
    },
    {
      "pointsOfInterest" : {
        "0" : "C001_C005_0"
      },
      "url-1080-H264" : "https:\/\/sylvan.apple.com\/Videos\/comp_C001_C005_PS_v01_SDR_PS_20180925_SDR_2K_AVC.mov",
      "accessibilityLabel" : "China",
      "id" : "F0236EC5-EE72-4058-A6CE-1F7D2E8253BF",
      "url-1080-HDR" : "https:\/\/sylvan.apple.com\/Aerials\/2x\/Videos\/comp_C001_C005_PS_v01_HDR_PS_20180925_HDR_2K_HEVC.mov",
      "url-1080-SDR" : "https:\/\/sylvan.apple.com\/Aerials\/2x\/Videos\/comp_C001_C005_PS_v01_SDR_PS_20180925_SDR_2K_HEVC.mov",
      "url-4K-SDR" : "https:\/\/sylvan.apple.com\/Aerials\/2x\/Videos\/comp_C001_C005_PS_v01_SDR_PS_20180925_SDR_4K_HEVC.mov",
      "url-4K-HDR" : "https:\/\/sylvan.apple.com\/Aerials\/2x\/Videos\/comp_C001_C005_PS_v01_HDR_PS_20180925_HDR_4K_HEVC.mov"
    },
    {
      "pointsOfInterest" : {
        "0" : "DB_D001_C005_0"
      },
      "url-1080-H264" : "https:\/\/sylvan.apple.com\/Videos\/comp_DB_D001_C005_COMP_PSNK_v12_SDR_PS_20180912_SDR_2K_AVC.mov",
      "accessibilityLabel" : "Dubai",
      "id" : "3FFA2A97-7D28-49EA-AA39-5BC9051B2745",
      "url-1080-HDR" : "https:\/\/sylvan.apple.com\/Aerials\/2x\/Videos\/comp_DB_D001_C005_COMP_PSNK_v12_HDR_PS_20180912_HDR_2K_HEVC.mov",
      "url-1080-SDR" : "https:\/\/sylvan.apple.com\/Aerials\/2x\/Videos\/comp_DB_D001_C005_COMP_PSNK_v12_SDR_PS_20180912_SDR_2K_HEVC.mov",
      "url-4K-SDR" : "https:\/\/sylvan.apple.com\/Aerials\/2x\/Videos\/comp_DB_D001_C005_COMP_PSNK_v12_SDR_PS_20180912_SDR_4K_HEVC.mov",
      "url-4K-HDR" : "https:\/\/sylvan.apple.com\/Aerials\/2x\/Videos\/comp_DB_D001_C005_COMP_PSNK_v12_HDR_PS_20180912_HDR_4K_HEVC.mov"
    },
    {
      "pointsOfInterest" : {
        "0" : "A008_C007_0",
        "150" : "A008_C007_150"
      },
      "url-1080-H264" : "https:\/\/sylvan.apple.com\/Videos\/comp_A008_C007_011550_CC_v01_SDR_PS_FINAL_20180709_SDR_2K_AVC.mov",
      "accessibilityLabel" : "San Francisco",
      "id" : "EE533FBD-90AE-419A-AD13-D7A60E2015D6",
      "url-1080-HDR" : "https:\/\/sylvan.apple.com\/Aerials\/2x\/Videos\/comp_A008_C007_011550_CC_v01_HDR_PS_FINAL_20180710_HDR_2K_HEVC.mov",
      "url-1080-SDR" : "https:\/\/sylvan.apple.com\/Aerials\/2x\/Videos\/comp_A008_C007_011550_CC_v01_SDR_PS_FINAL_20180709_SDR_2K_HEVC.mov",
      "url-4K-SDR" : "https:\/\/sylvan.apple.com\/Aerials\/2x\/Videos\/comp_A008_C007_011550_CC_v01_SDR_PS_FINAL_20180709_SDR_4K_HEVC.mov",
      "url-4K-HDR" : "https:\/\/sylvan.apple.com\/Aerials\/2x\/Videos\/comp_A008_C007_011550_CC_v01_HDR_PS_FINAL_20180710_HDR_4K_HEVC.mov"
    },
    {
      "pointsOfInterest" : {
        "210" : "GMT312_162NC_139M_1041_210",
        "230" : "GMT312_162NC_139M_1041_230",
        "180" : "GMT312_162NC_139M_1041_180",
        "0" : "GMT312_162NC_139M_1041_0",
        "140" : "GMT312_162NC_139M_1041_140",
        "120" : "GMT312_162NC_139M_1041_120",
        "100" : "GMT312_162NC_139M_1041_100",
        "165" : "GMT312_162NC_139M_1041_165",
        "70" : "GMT312_162NC_139M_1041_70"
      },
      "url-1080-H264" : "https:\/\/sylvan.apple.com\/Videos\/comp_GMT312_162NC_139M_1041_AFRICA_NIGHT_v14_SDR_FINAL_20180706_SDR_2K_AVC.mov",
      "accessibilityLabel" : "Africa Night",
      "id" : "A837FA8C-C643-4705-AE92-074EFDD067F7",
      "url-1080-HDR" : "https:\/\/sylvan.apple.com\/Aerials\/2x\/Videos\/comp_GMT312_162NC_139M_1041_AFRICA_NIGHT_v14_HDR_FINAL_20180706_HDR_2K_HEVC.mov",
      "url-1080-SDR" : "https:\/\/sylvan.apple.com\/Aerials\/2x\/Videos\/comp_GMT312_162NC_139M_1041_AFRICA_NIGHT_v14_SDR_FINAL_20180706_SDR_2K_HEVC.mov",
      "url-4K-SDR" : "https:\/\/sylvan.apple.com\/Aerials\/2x\/Videos\/comp_GMT312_162NC_139M_1041_AFRICA_NIGHT_v14_SDR_FINAL_20180706_SDR_4K_HEVC.mov",
      "url-4K-HDR" : "https:\/\/sylvan.apple.com\/Aerials\/2x\/Videos\/comp_GMT312_162NC_139M_1041_AFRICA_NIGHT_v14_HDR_FINAL_20180706_HDR_4K_HEVC.mov"
    },
    {
      "pointsOfInterest" : {
        "0" : "HK_H004_C008_0"
      },
      "url-1080-H264" : "https:\/\/sylvan.apple.com\/Videos\/comp_HK_H004_C008_PSNK_v19_SDR_PS_20180914_SDR_2K_AVC.mov",
      "accessibilityLabel" : "Hong Kong",
      "id" : "FE8E1F9D-59BA-4207-B626-28E34D810D0A",
      "url-1080-HDR" : "https:\/\/sylvan.apple.com\/Aerials\/2x\/Videos\/comp_HK_H004_C008_PSNK_v19_HDR_PS_20180914_HDR_2K_HEVC.mov",
      "url-1080-SDR" : "https:\/\/sylvan.apple.com\/Aerials\/2x\/Videos\/comp_HK_H004_C008_PSNK_v19_SDR_PS_20180914_SDR_2K_HEVC.mov",
      "url-4K-SDR" : "https:\/\/sylvan.apple.com\/Aerials\/2x\/Videos\/comp_HK_H004_C008_PSNK_v19_SDR_PS_20180914_SDR_4K_HEVC.mov",
      "url-4K-HDR" : "https:\/\/sylvan.apple.com\/Aerials\/2x\/Videos\/comp_HK_H004_C008_PSNK_v19_HDR_PS_20180914_HDR_4K_HEVC.mov"
    },
    {
      "pointsOfInterest" : {
        "50" : "N003_C006_50",
        "160" : "N003_C006_160",
        "0" : "N003_C006_0",
        "205" : "N003_C006_205"
      },
      "url-1080-H264" : "https:\/\/sylvan.apple.com\/Videos\/comp_N003_C006_PS_v01_SDR_PS_20180925_SDR_2K_AVC.mov",
      "accessibilityLabel" : "New York",
      "id" : "840FE8E4-D952-4680-B1A7-AC5BACA2C1F8",
      "url-1080-HDR" : "https:\/\/sylvan.apple.com\/Aerials\/2x\/Videos\/comp_N003_C006_PS_v01_HDR_PS_20180925_HDR_2K_HEVC.mov",
      "url-1080-SDR" : "https:\/\/sylvan.apple.com\/Aerials\/2x\/Videos\/comp_N003_C006_PS_v01_SDR_PS_20180925_SDR_2K_HEVC.mov",
      "url-4K-SDR" : "https:\/\/sylvan.apple.com\/Aerials\/2x\/Videos\/comp_N003_C006_PS_v01_SDR_PS_20180925_SDR_4K_HEVC.mov",
      "url-4K-HDR" : "https:\/\/sylvan.apple.com\/Aerials\/2x\/Videos\/comp_N003_C006_PS_v01_HDR_PS_20180925_HDR_4K_HEVC.mov"
    },
    {
      "pointsOfInterest" : {
        "0" : "C004_C003_0"
      },
      "url-1080-H264" : "https:\/\/sylvan.apple.com\/Videos\/comp_C004_C003_PS_v01_SDR_PS_20180925_SDR_2K_AVC.mov",
      "accessibilityLabel" : "China",
      "id" : "22162A9B-DB90-4517-867C-C676BC3E8E95",
      "url-1080-HDR" : "https:\/\/sylvan.apple.com\/Aerials\/2x\/Videos\/comp_C004_C003_PS_v01_HDR_PS_20180925_HDR_2K_HEVC.mov",
      "url-1080-SDR" : "https:\/\/sylvan.apple.com\/Aerials\/2x\/Videos\/comp_C004_C003_PS_v01_SDR_PS_20180925_SDR_2K_HEVC.mov",
      "url-4K-SDR" : "https:\/\/sylvan.apple.com\/Aerials\/2x\/Videos\/comp_C004_C003_PS_v01_SDR_PS_20180925_SDR_4K_HEVC.mov",
      "url-4K-HDR" : "https:\/\/sylvan.apple.com\/Aerials\/2x\/Videos\/comp_C004_C003_PS_v01_HDR_PS_20180925_HDR_4K_HEVC.mov"
    },
    {
      "accessibilityLabel" : "Hawaii",
      "clipNumber" : "4",
      "url-1080-H264" : "http:\/\/a1.v2.phobos.apple.com.edgesuite.net\/us\/r1000\/000\/Features\/atv\/AutumnResources\/videos\/b2-2.mov"
    },
    {
      "accessibilityLabel" : "Hong Kong",
      "clipNumber" : "4a",
      "url-1080-HDR" : "https:\/\/sylvan.apple.com\/Aerials\/2x\/Videos\/comp_HK_H004_C001_PSNK_DENOISE_v14_HDR_PS_FINAL_20180731_HDR_2K_HEVC.mov",
      "url-1080-SDR" : "https:\/\/sylvan.apple.com\/Aerials\/2x\/Videos\/comp_HK_H004_C001_PSNK_DENOISE_v14_SDR_PS_FINAL_20180731_SDR_2K_HEVC.mov",
      "url-4K-SDR" : "https:\/\/sylvan.apple.com\/Aerials\/2x\/Videos\/comp_HK_H004_C001_PSNK_DENOISE_v14_SDR_PS_FINAL_20180731_SDR_4K_HEVC.mov",
      "url-4K-HDR" : "https:\/\/sylvan.apple.com\/Aerials\/2x\/Videos\/comp_HK_H004_C001_PSNK_DENOISE_v14_HDR_PS_FINAL_20180731_HDR_4K_HEVC.mov"
    },
    {
      "accessibilityLabel" : "Atlantic Ocean to Spain and France",
      "clipNumber" : "4",
      "url-1080-HDR" : "https:\/\/sylvan.apple.com\/Aerials\/2x\/Videos\/comp_A001_C001_120530_v04_HDR_FINAL_20180706_HDR_2K_HEVC.mov",
      "url-1080-SDR" : "https:\/\/sylvan.apple.com\/Aerials\/2x\/Videos\/comp_A001_C001_120530_v04_SDR_FINAL_20180706_SDR_2K_HEVC.mov",
      "url-4K-SDR" : "https:\/\/sylvan.apple.com\/Aerials\/2x\/Videos\/comp_A001_C001_120530_v04_SDR_FINAL_20180706_SDR_4K_HEVC.mov",
      "url-4K-HDR" : "https:\/\/sylvan.apple.com\/Aerials\/2x\/Videos\/comp_A001_C001_120530_v04_HDR_FINAL_20180706_HDR_4K_HEVC.mov"
    },
    {
      "accessibilityLabel" : "Australia",
      "clipNumber" : "5",
      "url-1080-HDR" : "https:\/\/sylvan.apple.com\/Aerials\/2x\/Videos\/comp_GMT060_117NC_363D_1034_AUSTRALIA_v35_HDR_PS_FINAL_20180831_HDR_2K_HEVC.mov",
      "url-1080-SDR" : "https:\/\/sylvan.apple.com\/Aerials\/2x\/Videos\/comp_GMT060_117NC_363D_1034_AUSTRALIA_v35_SDR_PS_FINAL_20180731_SDR_2K_HEVC.mov",
      "url-4K-SDR" : "https:\/\/sylvan.apple.com\/Aerials\/2x\/Videos\/comp_GMT060_117NC_363D_1034_AUSTRALIA_v35_SDR_PS_FINAL_20180731_SDR_4K_HEVC.mov",
      "url-4K-HDR" : "https:\/\/sylvan.apple.com\/Aerials\/2x\/Videos\/comp_GMT060_117NC_363D_1034_AUSTRALIA_v35_HDR_PS_FINAL_20180831_HDR_4K_HEVC.mov"
    },
    {
      "accessibilityLabel" : "California to Vegas",
      "clipNumber" : "6",
      "url-1080-HDR" : "https:\/\/sylvan.apple.com\/Aerials\/2x\/Videos\/comp_GMT306_139NC_139J_3066_CALI_TO_VEGAS_v07_HDR_PS_FINAL_22062018_HDR_2K_HEVC.mov",
      "url-1080-SDR" : "https:\/\/sylvan.apple.com\/Aerials\/2x\/Videos\/comp_GMT306_139NC_139J_3066_CALI_TO_VEGAS_v07_SDR_FINAL_22062018_SDR_2K_HEVC.mov",
      "url-4K-SDR" : "https:\/\/sylvan.apple.com\/Aerials\/2x\/Videos\/comp_GMT306_139NC_139J_3066_CALI_TO_VEGAS_v07_SDR_FINAL_22062018_SDR_4K_HEVC.mov",
      "url-4K-HDR" : "https:\/\/sylvan.apple.com\/Aerials\/2x\/Videos\/comp_GMT306_139NC_139J_3066_CALI_TO_VEGAS_v07_HDR_PS_FINAL_22062018_HDR_4K_HEVC.mov"
    },
    {
      "accessibilityLabel" : "Caribbean 2",
      "clipNumber" : "8",
      "url-1080-HDR" : "https:\/\/sylvan.apple.com\/Aerials\/2x\/Videos\/comp_A105_C002_v06_HDR_FINAL_25062018_HDR_2K_HEVC.mov",
      "url-1080-SDR" : "https:\/\/sylvan.apple.com\/Aerials\/2x\/Videos\/comp_A105_C002_v06_SDR_FINAL_25062018_SDR_2K_HEVC.mov",
      "url-4K-SDR" : "https:\/\/sylvan.apple.com\/Aerials\/2x\/Videos\/comp_A105_C002_v06_SDR_FINAL_25062018_SDR_4K_HEVC.mov",
      "url-4K-HDR" : "https:\/\/sylvan.apple.com\/Aerials\/2x\/Videos\/comp_A105_C002_v06_HDR_FINAL_25062018_HDR_4K_HEVC.mov"
    },
    {
      "accessibilityLabel" : "South Africa to North Africa",
      "clipNumber" : "20",
      "url-1080-HDR" : "https:\/\/sylvan.apple.com\/Aerials\/2x\/Videos\/comp_A351_C001_v06_HDR_PS_FINAL_20180725_HDR_2K_HEVC.mov",
      "url-1080-SDR" : "https:\/\/sylvan.apple.com\/Aerials\/2x\/Videos\/comp_A351_C001_v06_SDR_PS_20180725_SDR_2K_HEVC.mov",
      "url-4K-SDR" : "https:\/\/sylvan.apple.com\/Aerials\/2x\/Videos\/comp_A351_C001_v06_SDR_PS_20180725_SDR_4K_HEVC.mov",
      "url-4K-HDR" : "https:\/\/sylvan.apple.com\/Aerials\/2x\/Videos\/comp_A351_C001_v06_HDR_PS_FINAL_20180725_HDR_4K_HEVC.mov"
    },
    {
      "accessibilityLabel" : "New York",
      "clipNumber" : "1",
      "url-1080-H264" : "http:\/\/a1.v2.phobos.apple.com.edgesuite.net\/us\/r1000\/000\/Features\/atv\/AutumnResources\/videos\/b1-3.mov"
    },
    {
      "accessibilityLabel" : "San Francisco",
      "clipNumber" : "2",
      "url-1080-H264" : "http:\/\/a1.v2.phobos.apple.com.edgesuite.net\/us\/r1000\/000\/Features\/atv\/AutumnResources\/videos\/b2-4.mov"
    },
    {
      "accessibilityLabel" : "San Francisco",
      "clipNumber" : "4",
      "url-1080-H264" : "http:\/\/a1.v2.phobos.apple.com.edgesuite.net\/us\/r1000\/000\/Features\/atv\/AutumnResources\/videos\/b4-3.mov"
    },
    {
      "accessibilityLabel" : "San Francisco",
      "clipNumber" : "5",
      "url-1080-H264" : "http:\/\/a1.v2.phobos.apple.com.edgesuite.net\/us\/r1000\/000\/Features\/atv\/AutumnResources\/videos\/b5-3.mov"
    },
    {
      "accessibilityLabel" : "San Francisco",
      "clipNumber" : "6",
      "url-1080-H264" : "http:\/\/a1.v2.phobos.apple.com.edgesuite.net\/us\/r1000\/000\/Features\/atv\/AutumnResources\/videos\/b6-4.mov"
    },
    {
      "accessibilityLabel" : "San Francisco",
      "clipNumber" : "8",
      "url-1080-H264" : "http:\/\/a1.v2.phobos.apple.com.edgesuite.net\/us\/r1000\/000\/Features\/atv\/AutumnResources\/videos\/b8-2.mov"
    },
    {
      "accessibilityLabel" : "San Francisco",
      "clipNumber" : "9",
      "url-1080-H264" : "http:\/\/a1.v2.phobos.apple.com.edgesuite.net\/us\/r1000\/000\/Features\/atv\/AutumnResources\/videos\/b8-3.mov"
    },
    {
      "accessibilityLabel" : "Alaskan Jellies 1",
      "clipNumber" : "1",
      "url-1080-SDR" : "https:\/\/sylvan.apple.com\/Aerials\/2x\/Videos\/AK_A004_C012_SDR_20191217_SDR_2K_HEVC.mov",
      "url-1080-HDR" : "https:\/\/sylvan.apple.com\/Aerials\/2x\/Videos\/AK_A004_C012_HDR_20191217_HDR_2K_HEVC.mov",
      "url-4K-SDR" : "https:\/\/sylvan.apple.com\/Aerials\/2x\/Videos\/AK_A004_C012_SDR_20191217_SDR_4K_HEVC.mov",
      "url-4K-HDR" : "https:\/\/sylvan.apple.com\/Aerials\/2x\/Videos\/AK_A004_C012_HDR_20191217_HDR_4K_HEVC.mov"
    },
    {
      "accessibilityLabel" : "Alaskan Jellies 2",
      "clipNumber" : "2",
      "url-1080-SDR" : "https:\/\/sylvan.apple.com\/Aerials\/2x\/Videos\/g201_AK_A003_C014_SDR_20191113_SDR_2K_HEVC.mov",
      "url-1080-HDR" : "https:\/\/sylvan.apple.com\/Aerials\/2x\/Videos\/g201_AK_A003_C014_HDR_20191028_HDR_2K_HEVC.mov",
      "url-4K-SDR" : "https:\/\/sylvan.apple.com\/Aerials\/2x\/Videos\/g201_AK_A003_C014_SDR_20191113_SDR_4K_HEVC.mov",
      "url-4K-HDR" : "https:\/\/sylvan.apple.com\/Aerials\/2x\/Videos\/g201_AK_A003_C014_HDR_20191028_HDR_4K_HEVC.mov"
    },
    {
      "accessibilityLabel" : "Barracudas",
      "clipNumber" : "3",
      "url-1080-SDR" : "https:\/\/sylvan.apple.com\/Aerials\/2x\/Videos\/BO_A018_C029_SDR_20190812_SDR_2K_HEVC.mov",
      "url-1080-HDR" : "https:\/\/sylvan.apple.com\/Aerials\/2x\/Videos\/BO_A018_C029_HDR_20190812_HDR_2K_HEVC.mov",
      "url-4K-SDR" : "https:\/\/sylvan.apple.com\/Aerials\/2x\/Videos\/BO_A018_C029_SDR_20190812_SDR_4K_HEVC.mov",
      "url-4K-HDR" : "https:\/\/sylvan.apple.com\/Aerials\/2x\/Videos\/BO_A018_C029_HDR_20190812_HDR_4K_HEVC.mov"
    },
    {
      "accessibilityLabel" : "Bumpheads",
      "clipNumber" : "4",
      "url-1080-SDR" : "https:\/\/sylvan.apple.com\/Aerials\/2x\/Videos\/BO_A014_C008_SDR_20190719_SDR_2K_HEVC.mov",
      "url-1080-HDR" : "https:\/\/sylvan.apple.com\/Aerials\/2x\/Videos\/BO_A014_C008_HDR_20190719_HDR_2K_HEVC.mov",
      "url-4K-SDR" : "https:\/\/sylvan.apple.com\/Aerials\/2x\/Videos\/BO_A014_C008_SDR_20190719_SDR_4K_HEVC.mov",
      "url-4K-HDR" : "https:\/\/sylvan.apple.com\/Aerials\/2x\/Videos\/BO_A014_C008_HDR_20190719_HDR_4K_HEVC.mov"
    },
    {
      "accessibilityLabel" : "California Dolphins",
      "clipNumber" : "5",
      "url-1080-SDR" : "https:\/\/sylvan.apple.com\/Aerials\/2x\/Videos\/DL_B002_C011_SDR_20191122_SDR_2K_HEVC.mov",
      "url-1080-HDR" : "https:\/\/sylvan.apple.com\/Aerials\/2x\/Videos\/DL_B002_C011_HDR_20191122_HDR_2K_HEVC.mov",
      "url-4K-SDR" : "https:\/\/sylvan.apple.com\/Aerials\/2x\/Videos\/DL_B002_C011_SDR_20191122_SDR_4K_HEVC.mov",
      "url-4K-HDR" : "https:\/\/sylvan.apple.com\/Aerials\/2x\/Videos\/DL_B002_C011_HDR_20191122_HDR_4K_HEVC.mov"
    },
    {
      "accessibilityLabel" : "California Kelp Forest",
      "clipNumber" : "6",
      "url-1080-SDR" : "https:\/\/sylvan.apple.com\/Aerials\/2x\/Videos\/g201_CA_A016_C002_SDR_20191114_SDR_2K_HEVC.mov",
      "url-1080-HDR" : "https:\/\/sylvan.apple.com\/Aerials\/2x\/Videos\/g201_CA_A016_C002_HDR_20191114_HDR_2K_HEVC.mov",
      "url-4K-SDR" : "https:\/\/sylvan.apple.com\/Aerials\/2x\/Videos\/g201_CA_A016_C002_SDR_20191114_SDR_4K_HEVC.mov",
      "url-4K-HDR" : "https:\/\/sylvan.apple.com\/Aerials\/2x\/Videos\/g201_CA_A016_C002_HDR_20191114_HDR_4K_HEVC.mov"
    },
    {
      "accessibilityLabel" : "Costa Rica Dolphins",
      "clipNumber" : "7",
      "url-1080-SDR" : "https:\/\/sylvan.apple.com\/Aerials\/2x\/Videos\/CR_A009_C007_SDR_20191113_SDR_2K_HEVC.mov",
      "url-1080-HDR" : "https:\/\/sylvan.apple.com\/Aerials\/2x\/Videos\/CR_A009_C007_HDR_20191113_HDR_2K_HEVC.mov",
      "url-4K-SDR" : "https:\/\/sylvan.apple.com\/Aerials\/2x\/Videos\/CR_A009_C007_SDR_20191113_SDR_4K_HEVC.mov",
      "url-4K-HDR" : "https:\/\/sylvan.apple.com\/Aerials\/2x\/Videos\/CR_A009_C007_HDR_20191113_HDR_4K_HEVC.mov"
    },
    {
      "accessibilityLabel" : "Cownose Rays",
      "clipNumber" : "8",
      "url-1080-SDR" : "https:\/\/sylvan.apple.com\/Aerials\/2x\/Videos\/MEX_A006_C008_SDR_20190923_SDR_2K_HEVC.mov",
      "url-1080-HDR" : "https:\/\/sylvan.apple.com\/Aerials\/2x\/Videos\/MEX_A006_C008_HDR_20190923_HDR_2K_HEVC.mov",
      "url-4K-SDR" : "https:\/\/sylvan.apple.com\/Aerials\/2x\/Videos\/MEX_A006_C008_SDR_20190923_SDR_4K_HEVC.mov",
      "url-4K-HDR" : "https:\/\/sylvan.apple.com\/Aerials\/2x\/Videos\/MEX_A006_C008_HDR_20190923_HDR_4K_HEVC.mov"
    },
    {
      "accessibilityLabel" : "Gray Reef Sharks",
      "clipNumber" : "9",
      "url-1080-SDR" : "https:\/\/sylvan.apple.com\/Aerials\/2x\/Videos\/FK_U009_C004_SDR_20191220_SDR_2K_HEVC.mov",
      "url-1080-HDR" : "https:\/\/sylvan.apple.com\/Aerials\/2x\/Videos\/FK_U009_C004_HDR_20191220_HDR_2K_HEVC.mov",
      "url-4K-SDR" : "https:\/\/sylvan.apple.com\/Aerials\/2x\/Videos\/FK_U009_C004_SDR_20191220_SDR_4K_HEVC.mov",
      "url-4K-HDR" : "https:\/\/sylvan.apple.com\/Aerials\/2x\/Videos\/FK_U009_C004_HDR_20191220_HDR_4K_HEVC.mov"
    },
    {
      "accessibilityLabel" : "Humpback Whale",
      "clipNumber" : "10",
      "url-1080-SDR" : "https:\/\/sylvan.apple.com\/Aerials\/2x\/Videos\/g201_WH_D004_L014_SDR_20191031_SDR_2K_HEVC.mov",
      "url-1080-HDR" : "https:\/\/sylvan.apple.com\/Aerials\/2x\/Videos\/g201_WH_D004_L014_HDR_20191031_HDR_2K_HEVC.mov",
      "url-4K-SDR" : "https:\/\/sylvan.apple.com\/Aerials\/2x\/Videos\/g201_WH_D004_L014_SDR_20191031_SDR_4K_HEVC.mov",
      "url-4K-HDR" : "https:\/\/sylvan.apple.com\/Aerials\/2x\/Videos\/g201_WH_D004_L014_HDR_20191031_HDR_4K_HEVC.mov"
    },
    {
      "accessibilityLabel" : "Jacks",
      "clipNumber" : "11",
      "url-1080-SDR" : "https:\/\/sylvan.apple.com\/Aerials\/2x\/Videos\/BO_A014_C023_SDR_20190717_F240F3709_SDR_2K_HEVC.mov",
      "url-1080-HDR" : "https:\/\/sylvan.apple.com\/Aerials\/2x\/Videos\/BO_A014_C023_HDR_20190717_F240F3709_HDR_2K_HEVC.mov",
      "url-4K-SDR" : "https:\/\/sylvan.apple.com\/Aerials\/2x\/Videos\/BO_A014_C023_SDR_20190717_F240F3709_SDR_4K_HEVC.mov",
      "url-4K-HDR" : "https:\/\/sylvan.apple.com\/Aerials\/2x\/Videos\/BO_A014_C023_HDR_20190717_F240F3709_HDR_4K_HEVC.mov"
    },
    {
      "accessibilityLabel" : "Kelp",
      "clipNumber" : "12",
      "url-1080-SDR" : "https:\/\/sylvan.apple.com\/Aerials\/2x\/Videos\/KP_A010_C002_SDR_20190717_SDR_2K_HEVC.mov",
      "url-1080-HDR" : "https:\/\/sylvan.apple.com\/Aerials\/2x\/Videos\/KP_A010_C002_HDR_20190717_HDR_2K_HEVC.mov",
      "url-4K-SDR" : "https:\/\/sylvan.apple.com\/Aerials\/2x\/Videos\/KP_A010_C002_SDR_20190717_SDR_4K_HEVC.mov",
      "url-4K-HDR" : "https:\/\/sylvan.apple.com\/Aerials\/2x\/Videos\/KP_A010_C002_HDR_20190717_HDR_4K_HEVC.mov"
    },
    {
      "accessibilityLabel" : "Palau Coral",
      "clipNumber" : "13",
      "url-1080-SDR" : "https:\/\/sylvan.apple.com\/Aerials\/2x\/Videos\/PA_A004_C003_SDR_20190719_SDR_2K_HEVC.mov",
      "url-1080-HDR" : "https:\/\/sylvan.apple.com\/Aerials\/2x\/Videos\/PA_A004_C003_HDR_20190719_HDR_2K_HEVC.mov",
      "url-4K-SDR" : "https:\/\/sylvan.apple.com\/Aerials\/2x\/Videos\/PA_A004_C003_SDR_20190719_SDR_4K_HEVC.mov",
      "url-4K-HDR" : "https:\/\/sylvan.apple.com\/Aerials\/2x\/Videos\/PA_A004_C003_HDR_20190719_HDR_4K_HEVC.mov"
    },
    {
      "accessibilityLabel" : "Palau Jellies 1",
      "clipNumber" : "14",
      "url-1080-SDR" : "https:\/\/sylvan.apple.com\/Aerials\/2x\/Videos\/PA_A001_C007_SDR_20190717_SDR_2K_HEVC.mov",
      "url-1080-HDR" : "https:\/\/sylvan.apple.com\/Aerials\/2x\/Videos\/PA_A001_C007_HDR_20190719_HDR_2K_HEVC.mov",
      "url-4K-SDR" : "https:\/\/sylvan.apple.com\/Aerials\/2x\/Videos\/PA_A001_C007_SDR_20190717_SDR_4K_HEVC.mov",
      "url-4K-HDR" : "https:\/\/sylvan.apple.com\/Aerials\/2x\/Videos\/PA_A001_C007_HDR_20190719_HDR_4K_HEVC.mov"
    },
    {
      "accessibilityLabel" : "Palau Jellies 2",
      "clipNumber" : "15",
      "url-1080-SDR" : "https:\/\/sylvan.apple.com\/Aerials\/2x\/Videos\/PA_A002_C009_SDR_20190730_ALT01_SDR_2K_HEVC.mov",
      "url-1080-HDR" : "https:\/\/sylvan.apple.com\/Aerials\/2x\/Videos\/PA_A002_C009_HDR_20190730_ALT02_HDR_2K_HEVC.mov",
      "url-4K-SDR" : "https:\/\/sylvan.apple.com\/Aerials\/2x\/Videos\/PA_A002_C009_SDR_20190730_ALT01_SDR_4K_HEVC.mov",
      "url-4K-HDR" : "https:\/\/sylvan.apple.com\/Aerials\/2x\/Videos\/PA_A002_C009_HDR_20190730_ALT02_HDR_4K_HEVC.mov"
    },
    {
      "accessibilityLabel" : "Palau Jellies 3",
      "clipNumber" : "16",
      "url-1080-SDR" : "https:\/\/sylvan.apple.com\/Aerials\/2x\/Videos\/PA_A010_C007_SDR_20190717_SDR_2K_HEVC.mov",
      "url-1080-HDR" : "https:\/\/sylvan.apple.com\/Aerials\/2x\/Videos\/conform_PA_A010_C007_HDR_2019070_HDR_2K_HEVC.mov",
      "url-4K-SDR" : "https:\/\/sylvan.apple.com\/Aerials\/2x\/Videos\/PA_A010_C007_SDR_20190717_SDR_4K_HEVC.mov",
      "url-4K-HDR" : "https:\/\/sylvan.apple.com\/Aerials\/2x\/Videos\/conform_PA_A010_C007_HDR_2019070_HDR_4K_HEVC.mov"
    },
    {
      "accessibilityLabel" : "Red Sea Coral",
      "clipNumber" : "17",
      "url-1080-SDR" : "https:\/\/sylvan.apple.com\/Aerials\/2x\/Videos\/RS_A008_C010_SDR_20191218_SDR_2K_HEVC.mov",
      "url-1080-HDR" : "https:\/\/sylvan.apple.com\/Aerials\/2x\/Videos\/RS_A008_C010_HDR_20191218_HDR_2K_HEVC.mov",
      "url-4K-SDR" : "https:\/\/sylvan.apple.com\/Aerials\/2x\/Videos\/RS_A008_C010_SDR_20191218_SDR_4K_HEVC.mov",
      "url-4K-HDR" : "https:\/\/sylvan.apple.com\/Aerials\/2x\/Videos\/RS_A008_C010_HDR_20191218_HDR_4K_HEVC.mov"
    },
    {
      "accessibilityLabel" : "Sea Stars",
      "clipNumber" : "18",
      "url-1080-SDR" : "https:\/\/sylvan.apple.com\/Aerials\/2x\/Videos\/BO_A012_C031_SDR_20190726_SDR_2K_HEVC.mov",
      "url-1080-HDR" : "https:\/\/sylvan.apple.com\/Aerials\/2x\/Videos\/BO_A012_C031_HDR_20190726_HDR_2K_HEVC.mov",
      "url-4K-SDR" : "https:\/\/sylvan.apple.com\/Aerials\/2x\/Videos\/BO_A012_C031_SDR_20190726_SDR_4K_HEVC.mov",
      "url-4K-HDR" : "https:\/\/sylvan.apple.com\/Aerials\/2x\/Videos\/BO_A012_C031_HDR_20190726_HDR_4K_HEVC.mov"
    },
    {
      "accessibilityLabel" : "Seals",
      "clipNumber" : "19",
      "url-1080-SDR" : "https:\/\/sylvan.apple.com\/Aerials\/2x\/Videos\/SE_A016_C009_SDR_20190717_SDR_2K_HEVC.mov",
      "url-1080-HDR" : "https:\/\/sylvan.apple.com\/Aerials\/2x\/Videos\/SE_A016_C009_HDR_20190717_HDR_2K_HEVC.mov",
      "url-4K-SDR" : "https:\/\/sylvan.apple.com\/Aerials\/2x\/Videos\/SE_A016_C009_SDR_20190717_SDR_4K_HEVC.mov",
      "url-4K-HDR" : "https:\/\/sylvan.apple.com\/Aerials\/2x\/Videos\/SE_A016_C009_HDR_20190717_HDR_4K_HEVC.mov"
    },
    {
      "accessibilityLabel" : "Tahiti Waves 1",
      "clipNumber" : "20",
      "url-1080-SDR" : "https:\/\/sylvan.apple.com\/Aerials\/2x\/Videos\/g201_TH_804_A001_8_SDR_20191031_SDR_2K_HEVC.mov",
      "url-1080-HDR" : "https:\/\/sylvan.apple.com\/Aerials\/2x\/Videos\/g201_TH_804_A001_8_HDR_20191031_HDR_2K_HEVC.mov",
      "url-4K-SDR" : "https:\/\/sylvan.apple.com\/Aerials\/2x\/Videos\/g201_TH_804_A001_8_SDR_20191031_SDR_4K_HEVC.mov",
      "url-4K-HDR" : "https:\/\/sylvan.apple.com\/Aerials\/2x\/Videos\/g201_TH_804_A001_8_HDR_20191031_HDR_4K_HEVC.mov"
    },
    {
      "accessibilityLabel" : "Tahiti Waves 2",
      "clipNumber" : "21",
      "url-1080-SDR" : "https:\/\/sylvan.apple.com\/Aerials\/2x\/Videos\/g201_TH_803_A001_8_SDR_20191031_SDR_2K_HEVC.mov",
      "url-1080-HDR" : "https:\/\/sylvan.apple.com\/Aerials\/2x\/Videos\/g201_TH_803_A001_8_HDR_20191031_HDR_2K_HEVC.mov",
      "url-4K-SDR" : "https:\/\/sylvan.apple.com\/Aerials\/2x\/Videos\/g201_TH_803_A001_8_SDR_20191031_SDR_4K_HEVC.mov",
      "url-4K-HDR" : "https:\/\/sylvan.apple.com\/Aerials\/2x\/Videos\/g201_TH_803_A001_8_HDR_20191031_HDR_4K_HEVC.mov"
    }
  ],
  "initialAssetCount" : 4,
  "version" : 1
}