<?xml version="1.0" encoding="UTF-8" standalone="yes"?>
<addon id="screensaver.bing" name="Bing: Photos of the Week" version="1.0.4" provider-name="Lunatixz">
    <requires>
        <import addon="xbmc.python" version="3.0.0"/>
        <import addon="script.module.six" version="1.0.0"/>
        <import addon="script.module.kodi-six" version="0.1.3.1"/>
        <import addon="script.module.requests" version="2.7.0"/> 
        <import addon="script.module.simplecache" version="1.0.0"/>
    </requires>
    <extension point="xbmc.ui.screensaver" library="default.py"/>
    <extension point="xbmc.addon.metadata">
        <summary lang="en_GB">Explore breathtaking images from the Bing homepage... </summary>
        <description lang="en_GB">Explore breathtaking images from the Bing homepage... </description>
        <license>GPL-3.0-or-later</license>
        <platform>all</platform>
        <source>https://github.com/Lunatixz/XBMC_Addons/tree/master/screensaver.bing</source>
        <forum>https://forum.kodi.tv/showthread.php?tid=319728</forum>
        <news>v.1.0.4[CR]- Matrix compatibility.</news>
        <assets>
            <icon>resources/images/icon.png</icon>
            <fanart>resources/images/fanart.jpg</fanart>
            <screenshot>resources/images/screenshot01.jpg</screenshot>
            <screenshot>resources/images/screenshot02.jpg</screenshot>
            <screenshot>resources/images/screenshot03.jpg</screenshot>
            <screenshot>resources/images/screenshot04.jpg</screenshot>
        </assets>
    </extension>
</addon>
