﻿<?xml version="1.0" encoding="UTF-8" standalone="yes"?>
<addon id="resource.images.skinicons.squares" name="Skin Icons - Squares" version="1.0.1" provider-name="Orna Post, Benny Buchnik">
	<extension point="kodi.resource.images" compile="false" type="skinicons" />
	<requires>
		<import addon="kodi.resource" version="1.0.0"/>
	</requires>
	<extension point="xbmc.addon.metadata">
		<summary lang="en">Skin Icons Pack - Squares</summary>
		<description lang="en">Skin Icons Pack - Squares</description>
		<summary lang="he">חבילת אייקונים - מרובעים</summary>
		<description lang="he">חבילת אייקונים - מרובעים</description>
		<platform>all</platform>
	</extension>
</addon>
