﻿<?xml version="1.0" encoding="UTF-8"?>
<addon
  id="screensaver.asteroids"
  version="19.0.1"
  name="Asteroids"
  provider-name="Team Kodi">
  <requires>
<import addon="kodi.binary.global.main" minversion="1.2.0" version="1.3.0"/>
<import addon="kodi.binary.global.gui" minversion="5.15.0" version="5.15.0"/>
<import addon="kodi.binary.global.filesystem" minversion="1.1.0" version="1.1.6"/>
<import addon="kodi.binary.instance.screensaver" minversion="2.1.0" version="2.1.0"/></requires>
  <extension
    point="xbmc.ui.screensaver"
    library_windows="screensaver.asteroids.dll"/>
  <extension point="xbmc.addon.metadata">
    <platform>windows-x86_64</platform>
    <license>GPL-2.0-or-later</license>
    <source>https://github.com/xbmc/screensaver.asteroids</source>
    <assets>
      <icon>resources/icon.png</icon>
      <fanart>resources/fanart.png</fanart>
      <screenshot>resources/screenshot-01.png</screenshot>
      <screenshot>resources/screenshot-02.png</screenshot>
      <screenshot>resources/screenshot-03.png</screenshot>
    </assets>
    <summary lang="da_DK">Asteroids pauseskærm</summary>
    <summary lang="de_DE">Asteroiden Bildschirmschoner</summary>
    <summary lang="en_GB">Asteroids screensaver</summary>
    <summary lang="ko_KR">소행성 화면 보호기</summary>
    <summary lang="pt_BR">Protetor de tela Asteroides</summary>
    <summary lang="zh_CN">小行星屏保</summary>
    <description lang="da_DK">En pauseskærm i gammel stil, hvor asteroiderne bliver skudt væk.</description>
    <description lang="de_DE">Ein Bildschirmschoner im alten Stil, welcher die Asteroiden davon schießt.</description>
    <description lang="en_GB">An old-style screen saver where the asteroids are shot away.</description>
    <description lang="ko_KR">소행성이 총격을 당하는 구식 화면 보호기.</description>
    <description lang="pt_BR">Um protetor de tela de estilo antigo, onde os asteroides são disparados.</description>
    <description lang="zh_CN">一个老式的屏幕保护程序，小行星被射出。</description>
  </extension>
</addon>
