<?xml version="1.0" encoding="UTF-8"?><scraper framework="1.1" date="2015-11-06" name="New Scraper" content="movies" language="en">
	<NfoUrl dest="3">
		<RegExp input="$$1" output="&lt;details&gt;&lt;url&gt;http://search.atmovies.com.tw/F/\2|User-Agent=Mozilla/5.0 (Windows NT 6.3; Win64; x64) AppleWebKit/537.36 (KHTML, like Gecko) Chrome/50.0.2661.102 Safari/537.36&lt;/url&gt;&lt;/details&gt;" dest="3">
			<expression clear="yes" noclean="1">(http://app2.atmovies.com.tw/film/)([A-Za-z][A-Za-z0-9]*)</expression>
		</RegExp>
	</NfoUrl>

	<CreateSearchUrl dest="3">
		<RegExp input="$$2" output="&lt;url spoof=&quot;http://search.atmovies.com.tw&quot; post=&quot;true&quot;&gt;http://search.atmovies.com.tw/search/?action=search&amp;amp;fr=search-page&amp;amp;enc=UTF-8&amp;amp;type=F&amp;amp;search_term=\1|User-Agent=Mozilla/5.0 (Windows NT 6.3; Win64; x64) AppleWebKit/537.36 (KHTML, like Gecko) Chrome/50.0.2661.102 Safari/537.36&lt;/url&gt;" dest="3">
			<RegExp input="$$1" output="\1" dest="2">
				<expression noclean="1,2"/>
			</RegExp>
			<RegExp input="$$1" output="\1" dest="2">
				<expression noclean="1,2">%5b.*%5d(.*)</expression>
			</RegExp>
			<RegExp input="$$2" output="\1:\2" dest="2">
				<expression noclean="1,2">(.*)%ef%bc%9a(.*)</expression>
			</RegExp>
			<expression />
		</RegExp>
	</CreateSearchUrl>
	<GetSearchResults dest="8">
		<RegExp input="$$5" output="&lt;?xml version=&quot;1.0&quot; encoding=&quot;UTF-8&quot; standalone=&quot;yes&quot;?&gt;&lt;results&gt;\1&lt;/results&gt;" dest="8">
			<RegExp input="$$1" output="&lt;entity&gt;&lt;title&gt;\2&lt;/title&gt;&lt;id&gt;\1&lt;/id&gt;&lt;year&gt;\3&lt;/year&gt;&lt;url&gt;http://search.atmovies.com.tw/F/\1|User-Agent=Mozilla/5.0 (Windows NT 6.3; Win64; x64) AppleWebKit/537.36 (KHTML, like Gecko) Chrome/50.0.2661.102 Safari/537.36&lt;/url&gt;&lt;/entity&gt;" dest="5">
				<expression repeat="yes" trim="1">&lt;a href="/F/(.[^"]*)" class="title big"&gt;(.[^&lt;]*) &lt;/a&gt;[\s]*&lt;font color=#606060&gt;(.[0-9][^&lt;]*)&lt;/font&gt;</expression>
			</RegExp>
			<expression noclean="1" />
		</RegExp>
	</GetSearchResults>
	<GetDetails dest="3">
		<RegExp input="$$5" output="&lt;details&gt;\1&lt;/details&gt;" dest="3">
			<!--film_id (put buffer 9)-->
			<RegExp input="$$1" output="\1" dest="9">
				<expression>filmid=([\w]*)"</expression>
			</RegExp>
			<!--imdb ID with tt (put buffer 2)-->
			<RegExp input="$$1" output="tt\1" dest="2">
				<expression>http://us.imdb.com/Title\?(\d+)</expression>
			</RegExp>
			<!--output <id>tt123454</id> to buffer 5-->
			<RegExp input="$$2" output="&lt;id&gt;\1&lt;/id&gt;" dest="5">
				<expression />
			</RegExp>
			<!--title ( get ChineseTitle from title ) put to buffer 3-->
			<RegExp input="$$1" output="\1" dest="3">
				<expression trim="1" noclean="1">&lt;div class="filmTitle"&gt;[\s]*&lt;!-- filmTitle --&gt;[\s]*(.+?)[\s](.+?)[\s]*&lt;</expression>
			</RegExp>
			<!--title ( get EnglishTitle from title ) put to buffer 4-->
			<RegExp input="$$1" output="\2" dest="4">
				<expression trim="1" noclean="1">&lt;div class="filmTitle"&gt;[\s]*&lt;!-- filmTitle --&gt;[\s]*(.+?)[\s](.+?)[\s]*&lt;</expression>
			</RegExp>
			<RegExp conditional="titleEliminateThe" input="$$4" output="\1" dest="4">
				<expression noclean="1">^The (.*)</expression>
			</RegExp>
			<!--title chineseTitle EnglishTitle (origin style ) append to buffer 5-->
			<RegExp input="$INFO[titleFormat]" output="&lt;title&gt;$$6&lt;/title&gt;" dest="5+">
				<RegExp input="$$1" output="\1" dest="6">
					<expression trim="1" noclean="1">&lt;div class="filmTitle"&gt;[\s]*&lt;!-- filmTitle --&gt;[\s]*(.+?)[\s]*&lt;</expression>
				</RegExp>
				<expression>0</expression>
			</RegExp>
			<!--title chineseTitle (chinese only) append to buffer 5-->
			<RegExp input="$INFO[titleFormat]" output="&lt;title&gt;$$3&lt;/title&gt;" dest="5+">
				<expression>1</expression>
			</RegExp>
			<!--title englishTitle (english only) append to buffer 5-->
			<RegExp input="$INFO[titleFormat]" output="&lt;title&gt;$$4&lt;/title&gt;" dest="5+">
				<expression>2</expression>
			</RegExp>
			<!--title chineseTitle (englishTitle) append to buffer 5-->
			<RegExp input="$INFO[titleFormat]" output="&lt;title&gt;$$3 ($$4)&lt;/title&gt;" dest="5+">
				<expression>3</expression>
			</RegExp>
			<!--title englishTitle (chineseTitle) append to buffer 5-->
			<RegExp input="$INFO[titleFormat]" output="&lt;title&gt;$$4 ($$3)&lt;/title&gt;" dest="5+">
				<expression>4</expression>
			</RegExp>
			<!--year-->
			<RegExp input="$$1" output="&lt;year&gt;\1&lt;/year&gt;" dest="5+">
				<expression>&lt;b&gt;影片年份：&lt;/b&gt;(\d+)[\s]+</expression>
			</RegExp>
			<!--runtime-->
			<RegExp input="$$1" output="&lt;runtime&gt;\1&lt;/runtime&gt;" dest="5+">
				<expression>&lt;li&gt;片長：([\d]+)分</expression>
			</RegExp>
			<!--outline-->
			<RegExp input="$$1" output="&lt;outline&gt;\1&lt;/outline&gt;" dest="5+">
				<expression>&lt;ul class="runtime"&gt;.*&lt;/ul&gt;[.\s]*(.*)[.\s]*&lt;(ul class="runtime"&gt;[.\s]*&lt;/ul&gt;|/div&gt;[.\s]*&lt;!-- movie_poster end --&gt;)</expression>
			</RegExp>
			<!--plot-->
			<RegExp input="$$1" output="&lt;plot&gt;\1&lt;/plot&gt;" dest="5+">
				<expression trim="1">劇情簡介[\s]*&lt;br&gt;[\s]*(.*?)[\s]*&lt;/div&gt;[\s]*&lt;!-- Story info end --&gt;</expression>
			</RegExp>
			<RegExp input="$$2" output="&lt;chain function=&quot;GetIMDBRatingById&quot;&gt;$$2&lt;/chain&gt;" dest="5+">
				<expression />
			</RegExp>
			<RegExp input="$$1" output="&lt;studio&gt;\1&lt;/studio&gt;" dest="5+">
				<expression trim="1">&lt;LI&gt;&lt;b&gt;出　　品：&lt;/b&gt;[\s]*(.*?)[\s]*&lt;LI&gt;&lt;b&gt;</expression>
			</RegExp>
			<RegExp input="$$1" output="\1" dest="6">
				<expression trim="1">&lt;LI&gt;&lt;b&gt;出&amp;nbsp;&amp;nbsp;品&amp;nbsp;&amp;nbsp;國：&lt;/b&gt;(.[^&lt;]*)[\s]*&lt;LI&gt;</expression>
			</RegExp>
			<RegExp input="$$6" output="&lt;country&gt;\1&lt;/country&gt;" dest="5+">
				<expression />
			</RegExp>
			<RegExp input="$$9" output="&lt;chain function=&quot;GetDirectorById&quot;&gt;$$9&lt;/chain&gt;" dest="5+">
				<expression />
			</RegExp>
			<RegExp input="$$9" output="&lt;chain function=&quot;GetCreditsById&quot;&gt;$$9&lt;/chain&gt;" dest="5+">
				<expression />
			</RegExp>
			<RegExp input="$$2" output="&lt;chain function=&quot;GetTMDBCertificationsByIdChain&quot;&gt;$$2::$INFO[tmdbcertcountry]::$INFO[certprefix]&lt;/chain&gt;" dest="5+">
				<expression />
			</RegExp>
			<RegExp input="$$2" output="&lt;chain function=&quot;GetTMDBSetByIdChain&quot;&gt;$$2::$INFO[language]&lt;/chain&gt;" dest="5+">
				<expression />
			</RegExp>
			<RegExp input="$$2" output="&lt;chain function=&quot;GetTMDBTaglineByIdChain&quot;&gt;$$2::$INFO[language]&lt;/chain&gt;" dest="5+">
				<expression />
			</RegExp>
			<RegExp conditional="!useTMDBCastFirst" input="$$9" output="&lt;chain function=&quot;GetCastById&quot;&gt;$$9&lt;/chain&gt;" dest="5+">
				<expression />
			</RegExp>
			<RegExp conditional="useTMDBCastFirst" input="$$6" output="0" dest="8">
				<expression />
			</RegExp>
			<RegExp conditional="useTMDBCastFirst" input="$$6" output="1" dest="8">
				<expression>Taiwan</expression>
			</RegExp>
			<RegExp conditional="useTMDBCastFirst" input="$$6" output="1" dest="8">
				<expression>China</expression>
			</RegExp>
			<RegExp conditional="useTMDBCastFirst" input="$$6" output="0" dest="8">
				<expression>USA</expression>
			</RegExp>
			<RegExp conditional="useTMDBCastFirst" input="$$8" output="&lt;chain function=&quot;GetTMDBCastByIdChain&quot;&gt;$$2&lt;/chain&gt;" dest="5+">
				<expression>0</expression>
			</RegExp>
			<RegExp conditional="useTMDBCastFirst" input="$$8" output="&lt;chain function=&quot;GetCastById&quot;&gt;$$9&lt;/chain&gt;" dest="5+">
				<expression>1</expression>
			</RegExp>
			<!--genre english-->
			<RegExp input="$INFO[genreFormat]" output="&lt;chain function=&quot;GetTMDBGenresByIdChain&quot;&gt;$$2::$INFO[language]&lt;/chain&gt;" dest="5+">
				<expression>1</expression>
			</RegExp>
			<!--genre chinese-->
			<RegExp input="$INFO[genreFormat]" output="&lt;chain function=&quot;GetZhGenresByTMDBId&quot;&gt;$$2&lt;/chain&gt;" dest="5+">
				<expression>2</expression>
			</RegExp>
			<RegExp conditional="useTMDBThumbs" input="$$2" output="&lt;chain function=&quot;GetTMDBThumbsByIdChain&quot;&gt;$$2::$INFO[language]&lt;/chain&gt;" dest="5+">
				<expression />
			</RegExp>
			<RegExp conditional="!useTMDBThumbs" input="$$9" output="&lt;chain function=&quot;GetThumbsById&quot;&gt;$$9&lt;/chain&gt;" dest="5+">
				<expression />
			</RegExp>
			<RegExp conditional="useTMDBFanart" input="$$2" output="&lt;chain function=&quot;GetTMDBFanartByIdChain&quot;&gt;$$2::$INFO[language]&lt;/chain&gt;" dest="5+">
				<expression />
			</RegExp>
			<RegExp conditional="!useTMDBFanart" input="$$9" output="&lt;chain function=&quot;GetFanartById&quot;&gt;$$9&lt;/chain&gt;" dest="5+">
				<expression />
			</RegExp>
			<RegExp conditional="trailer" input="$$2" output="&lt;chain function=&quot;GetTMDBTrailerByIdChain&quot;&gt;$$2::$INFO[language]&lt;/chain&gt;" dest="5+">
				<expression />
			</RegExp>
			<expression noclean="1" />
		</RegExp>
	</GetDetails>
	<GetDirectorById dest="5">
		<RegExp input="$$1" output="&lt;details&gt;&lt;url cache=&quot;$$1-cast.html&quot; function=&quot;ParseDirector&quot;&gt;http://app.atmovies.com.tw/movie/movie.cfm?action=cast&amp;film_id=$$1|User-Agent=Mozilla/5.0 (Windows NT 6.3; Win64; x64) AppleWebKit/537.36 (KHTML, like Gecko) Chrome/50.0.2661.102 Safari/537.36&lt;/url&gt;&lt;/details&gt;" dest="5">
			<expression noclean="1" />
		</RegExp>
	</GetDirectorById>
	<ParseDirector dest="5">
		<RegExp input="$$2" output="&lt;details&gt;\1&lt;/details&gt;" dest="5">
			<RegExp input="$$1" output="&lt;director&gt;\1&lt;/director&gt;" dest="2">
				<expression>導演：&lt;/td&gt;[\s]*&lt;td valign="top" nowrap width=80%&gt;[\s]*&lt;a href=".[^\"]*"&gt;[\s]*(.*?)[\s]*&lt;/a&gt;</expression>
			</RegExp>
			<expression noclean="1" />
		</RegExp>
	</ParseDirector>
	<GetCreditsById dest="5">
		<RegExp input="$$1" output="&lt;details&gt;&lt;url cache=&quot;$$1-cast.html&quot; function=&quot;ParseCredits&quot;&gt;http://app.atmovies.com.tw/movie/movie.cfm?action=cast&amp;film_id=$$1|User-Agent=Mozilla/5.0 (Windows NT 6.3; Win64; x64) AppleWebKit/537.36 (KHTML, like Gecko) Chrome/50.0.2661.102 Safari/537.36&lt;/url&gt;&lt;/details&gt;" dest="5">
			<expression noclean="1" />
		</RegExp>
	</GetCreditsById>
	<ParseCredits dest="5">
		<RegExp input="$$2" output="&lt;details&gt;\1&lt;/details&gt;" dest="5">
			<RegExp input="$$1" output="\1" dest="7">
				<expression clear="yes" noclean="1">編劇：&lt;/td&gt;[\s]*&lt;td valign="top" nowrap width=80%&gt;[\s]*(.*?)[\s]*&lt;/td&gt;</expression>
			</RegExp>
			<RegExp input="$$7" output="&lt;credits&gt;\1&lt;/credits&gt;" dest="2">
				<expression repeat="yes">&lt;a href=".[^\"]*"&gt;[\s]*(.*?)[\s]*&lt;/a&gt;</expression>
			</RegExp>
			<expression noclean="1" />
		</RegExp>
	</ParseCredits>
	<GetCastById dest="5">
		<RegExp input="$$1" output="&lt;details&gt;&lt;url cache=&quot;$$1-cast.html&quot; function=&quot;ParseCast&quot;&gt;http://app.atmovies.com.tw/movie/movie.cfm?action=cast&amp;film_id=$$1|User-Agent=Mozilla/5.0 (Windows NT 6.3; Win64; x64) AppleWebKit/537.36 (KHTML, like Gecko) Chrome/50.0.2661.102 Safari/537.36&lt;/url&gt;&lt;/details&gt;" dest="5">
			<expression noclean="1" />
		</RegExp>
	</GetCastById>
	<ParseCast dest="5">
		<RegExp input="$$2" output="&lt;details&gt;\1&lt;/details&gt;" dest="5">
			<RegExp input="$$1" output="\1" dest="7">
				<expression clear="yes" noclean="1">演員：&lt;/td&gt;[\s]*&lt;td valign="top" nowrap width=80%&gt;[\s]*(.*?)[\s]*&lt;/td&gt;</expression>
			</RegExp>
			<RegExp input="$$7" output="&lt;chain function=&quot;ParseActor&quot;&gt;\1&lt;/chain&gt;" dest="2">
				<expression repeat="yes">&lt;a href=".[^\"]*"&gt;[\s]*(.*?)&lt;BR&gt;</expression>
			</RegExp>
			<expression noclean="1" />
		</RegExp>
	</ParseCast>
	<ParseActor dest="5">
		<RegExp input="$$10" output="&lt;details&gt;&lt;actor&gt;\1&lt;/actor&gt;&lt;/details&gt;" dest="5">
			<RegExp input="$$1" output="&lt;name&gt;\1&lt;/name&gt;" dest="10">
				<expression trim="1">\s*(.[^\n]*)</expression>
			</RegExp>
			<RegExp input="$$1" output="&lt;role&gt;\1&lt;/role&gt;" dest="10+">
				<expression trim="1">\s*\.\.+(.*)\s*</expression>
			</RegExp>
			<expression noclean="1" />
		</RegExp>
	</ParseActor>
	<GetThumbsById dest="5">
		<RegExp input="$$1" output="&lt;details&gt;&lt;url spoof=&quot;http://app2.atmovies.com.tw/&quot; cache=&quot;$$1-images.html&quot; function=&quot;ParseThumbs&quot;&gt;http://app2.atmovies.com.tw/poster/$$1&lt;/url&gt;&lt;/details&gt;" dest="5">
			<expression noclean="1" />
		</RegExp>
	</GetThumbsById>
	<ParseThumbs dest="5">
		<RegExp input="$$2" output="&lt;details&gt;\1&lt;/details&gt;" dest="5">
			<RegExp input="$$1" output="\1" dest="7">
				<expression clear="yes" noclean="1">&lt;div class=showphoto&gt;[\s]*&lt;h2&gt;【海報】&lt;/h2&gt;\s*(.*?)\s*&lt;/div&gt;</expression>
			</RegExp>
			<RegExp input="$$7" output="&lt;thumb aspect=&quot;poster&quot; spoof=&quot;http://app2.atmovies.com.tw/&quot; preview=&quot;\2&quot;&gt;\1&lt;/thumb&gt;" dest="2">
				<expression repeat="yes">&lt;a href="(.[^\"]*)".[^&gt;]*&gt;\s*&lt;img src="(.[^\"]*)"</expression>
			</RegExp>
			<expression noclean="1" />
		</RegExp>
	</ParseThumbs>
	<GetFanartById dest="5">
		<RegExp input="$$1" output="&lt;details&gt;&lt;url spoof=&quot;http://app2.atmovies.com.tw&quot; cache=&quot;$$1-fanart.html&quot; function=&quot;ParseFanart&quot;&gt;http://app2.atmovies.com.tw/photo/$$1&lt;/url&gt;&lt;/details&gt;" dest="5">
			<expression noclean="1" />
		</RegExp>
	</GetFanartById>
	<ParseFanart dest="5">
		<RegExp input="$$2" output="&lt;details&gt;&lt;fanart&gt;\1&lt;/fanart&gt;&lt;/details&gt;" dest="5">
			<RegExp input="$$1" output="\1" dest="7">
				<expression clear="yes" noclean="1">&lt;div class=showphoto&gt;[\s]*&lt;h2&gt;【劇照】&lt;/h2&gt;\s*(.*?)\s*&lt;/UL&gt;\s*&lt;/div&gt;</expression>
			</RegExp>
			<RegExp input="$$7" output="&lt;thumb spoof=&quot;http://app2.atmovies.com.tw/photo&quot; preview=&quot;\2|Referer=http%3a%2f%2fapp2.atmovies.com.tw%2fphoto&quot;&gt;\1|Referer=http%3a%2f%2fapp2.atmovies.com.tw%2fphoto&lt;/thumb&gt;" dest="2">
				<expression repeat="yes">&lt;a href="(.[^\"]*)".[^&gt;]*&gt;\s*&lt;img src="(.[^\"]*)"&gt;&lt;/a&gt;</expression>
			</RegExp>
			<expression noclean="1" />
		</RegExp>
	</ParseFanart>
	<!-- 請注意, 此 TMDB api_key 為我個人為此 scraper 所申請, 若要使用在別處, 請自行至 TMDB (www.themoviedb.org) 免費申請, 謝謝 -->
	<GetZhGenresByTMDBId dest="4">
		<RegExp input="$$5" output="&lt;details&gt;\1&lt;/details&gt;" dest="4">
			<RegExp input="$$1" output="&lt;url function=&quot;TranslateTMDBGenres&quot; cache=&quot;tmdb-en-\1.json&quot;&gt;http://api.themoviedb.org/3/movie/\1?api_key=d955d8f02a3f2480a51881fe4c96f10e&amp;amp;language=en&lt;/url&gt;" dest="5">
				<expression />
			</RegExp>
			<expression noclean="1" />
		</RegExp>
	</GetZhGenresByTMDBId>
	<TranslateTMDBGenres dest="5">
		<RegExp input="$$2" output="&lt;details&gt;\1&lt;/details&gt;" dest="5">
			<RegExp input="$$1" output="\1" dest="7">
				<expression clear="yes" noclean="1">"genres":\[([^\]]*)</expression>
			</RegExp>
			<RegExp input="$$7" output="&lt;genre&gt;\1&lt;/genre&gt;" dest="2">
				<expression repeat="yes">"name":"([^"]*)</expression>
			</RegExp>
			<RegExp input="$$2" output="\1動作\2" dest="2">
				<expression noclean="1,2">(.*)Action(.*)</expression>
			</RegExp>
			<RegExp input="$$2" output="\1冒險\2" dest="2">
				<expression noclean="1,2">(.*)Adventure(.*)</expression>
			</RegExp>
			<RegExp input="$$2" output="\1動畫\2" dest="2">
				<expression noclean="1,2">(.*)Animation(.*)</expression>
			</RegExp>
			<RegExp input="$$2" output="\1英語\2" dest="2">
				<expression noclean="1,2">(.*)British(.*)</expression>
			</RegExp>
			<RegExp input="$$2" output="\1喜劇\2" dest="2">
				<expression noclean="1,2">(.*)Comedy(.*)</expression>
			</RegExp>
			<RegExp input="$$2" output="\1犯罪\2" dest="2">
				<expression noclean="1,2">(.*)Crime(.*)</expression>
			</RegExp>
			<RegExp input="$$2" output="\1災難\2" dest="2">
				<expression noclean="1,2">(.*)Disaster(.*)</expression>
			</RegExp>
			<RegExp input="$$2" output="\1記錄\2" dest="2">
				<expression noclean="1,2">(.*)Documentary(.*)</expression>
			</RegExp>
			<RegExp input="$$2" output="\1劇情\2" dest="2">
				<expression noclean="1,2">(.*)Drama(.*)</expression>
			</RegExp>
			<RegExp input="$$2" output="\1東方\2" dest="2">
				<expression noclean="1,2">(.*)Eastern(.*)</expression>
			</RegExp>
			<RegExp input="$$2" output="\1教育\2" dest="2">
				<expression noclean="1,2">(.*)Education(.*)</expression>
			</RegExp>
			<RegExp input="$$2" output="\1情色\2" dest="2">
				<expression noclean="1,2">(.*)Erotic(.*)</expression>
			</RegExp>
			<RegExp input="$$2" output="\1家庭\2" dest="2">
				<expression noclean="1,2">(.*)Family(.*)</expression>
			</RegExp>
			<RegExp input="$$2" output="\1影迷電影\2" dest="2">
				<expression noclean="1,2">(.*)Fan Film(.*)</expression>
			</RegExp>
			<RegExp input="$$2" output="\1奇幻\2" dest="2">
				<expression noclean="1,2">(.*)Fantasy(.*)</expression>
			</RegExp>
			<RegExp input="$$2" output="\1黑色\2" dest="2">
				<expression noclean="1,2">(.*)Film Noir(.*)</expression>
			</RegExp>
			<RegExp input="$$2" output="\1外語\2" dest="2">
				<expression noclean="1,2">(.*)Foreign(.*)</expression>
			</RegExp>
			<RegExp input="$$2" output="\1歷史\2" dest="2">
				<expression noclean="1,2">(.*)History(.*)</expression>
			</RegExp>
			<RegExp input="$$2" output="\1節日\2" dest="2">
				<expression noclean="1,2">(.*)Holiday(.*)</expression>
			</RegExp>
			<RegExp input="$$2" output="\1恐怖\2" dest="2">
				<expression noclean="1,2">(.*)Horror(.*)</expression>
			</RegExp>
			<RegExp input="$$2" output="\1獨立\2" dest="2">
				<expression noclean="1,2">(.*)Indie(.*)</expression>
			</RegExp>
			<RegExp input="$$2" output="\1兒童\2" dest="2">
				<expression noclean="1,2">(.*)Kids(.*)</expression>
			</RegExp>
			<RegExp input="$$2" output="\1歌舞\2" dest="2">
				<expression noclean="1,2">(.*)Musical(.*)</expression>
			</RegExp>
			<RegExp input="$$2" output="\1音樂\2" dest="2">
				<expression noclean="1,2">(.*)Music(.*)</expression>
			</RegExp>
			<RegExp input="$$2" output="\1懸疑\2" dest="2">
				<expression noclean="1,2">(.*)Mystery(.*)</expression>
			</RegExp>
			<RegExp input="$$2" output="\1新黑色\2" dest="2">
				<expression noclean="1,2">(.*)Neo-noir(.*)</expression>
			</RegExp>
			<RegExp input="$$2" output="\1新聞\2" dest="2">
				<expression noclean="1,2">(.*)News(.*)</expression>
			</RegExp>
			<RegExp input="$$2" output="\1真人秀\2" dest="2">
				<expression noclean="1,2">(.*)Reality(.*)</expression>
			</RegExp>
			<RegExp input="$$2" output="\1公路\2" dest="2">
				<expression noclean="1,2">(.*)Road Movie(.*)</expression>
			</RegExp>
			<RegExp input="$$2" output="\1愛情\2" dest="2">
				<expression noclean="1,2">(.*)Romance(.*)</expression>
			</RegExp>
			<RegExp input="$$2" output="\1科幻\2" dest="2">
				<expression noclean="1,2">(.*)Science Fiction(.*)</expression>
			</RegExp>
			<RegExp input="$$2" output="\1短片\2" dest="2">
				<expression noclean="1,2">(.*)Short(.*)</expression>
			</RegExp>
			<RegExp input="$$2" output="\1肥皂劇\2" dest="2">
				<expression noclean="1,2">(.*)Soap(.*)</expression>
			</RegExp>
			<RegExp input="$$2" output="\1體育\2" dest="2">
				<expression noclean="1,2">(.*)Sport(.*)</expression>
			</RegExp>
			<RegExp input="$$2" output="\1賽事\2" dest="2">
				<expression noclean="1,2">(.*)Sporting Event(.*)</expression>
			</RegExp>
			<RegExp input="$$2" output="\1體育\2" dest="2">
				<expression noclean="1,2">(.*)Sports Film(.*)</expression>
			</RegExp>
			<RegExp input="$$2" output="\1驚悚\2" dest="2">
				<expression noclean="1,2">(.*)Suspense(.*)</expression>
			</RegExp>
			<RegExp input="$$2" output="\1電視電影\2" dest="2">
				<expression noclean="1,2">(.*)TV movie(.*)</expression>
			</RegExp>
			<RegExp input="$$2" output="\1脫口秀\2" dest="2">
				<expression noclean="1,2">(.*)Talk(.*)</expression>
			</RegExp>
			<RegExp input="$$2" output="\1驚悚\2" dest="2">
				<expression noclean="1,2">(.*)Thriller(.*)</expression>
			</RegExp>
			<RegExp input="$$2" output="\1戰爭\2" dest="2">
				<expression noclean="1,2">(.*)War(.*)</expression>
			</RegExp>
			<RegExp input="$$2" output="\1西部\2" dest="2">
				<expression noclean="1,2">(.*)Western(.*)</expression>
			</RegExp>
			<expression noclean="1" />
		</RegExp>
	</TranslateTMDBGenres>
</scraper>

