<?xml version="1.0" encoding="UTF-8" standalone="yes"?>
<addon id="resource.images.weathericons.3d-coloured" name="Weather Icons - 3D Coloured" version="0.0.6" provider-name="Team Kodi">
	<extension point="kodi.resource.images" compile="true" type="weather" />
	<requires>
		<import addon="kodi.resource" version="1.0.0"/>
	</requires>
	<extension point="xbmc.addon.metadata">
		<summary lang="en">3D Coloured Weather Icons</summary>
		<description lang="en">Coloured Weather Icons in a 3D style</description>
		<platform>all</platform>
	</extension>
</addon>
