﻿<?xml version="1.0" encoding="utf-8" standalone="yes"?>
<addon
  id="screensaver.asterwave"
  version="3.0.5"
  name="AsterWave"
  provider-name="Team Kodi">
  <requires>
<import addon="kodi.binary.global.main" version="1.0.14"/>
<import addon="kodi.binary.global.gui" version="5.12.0"/>
<import addon="kodi.binary.global.gui" version="5.12.0"/>
<import addon="kodi.binary.global.filesystem" version="1.0.2"/>
<import addon="kodi.binary.instance.screensaver" version="2.0.0"/></requires>
  <extension
    point="xbmc.ui.screensaver"
    library_osx="screensaver.asterwave.3.0.5.dylib"/>
  <extension point="xbmc.addon.metadata">
    <summary>AsterWave screensaver</summary>
    <description>A field of liquid that deforms realistically to changes in height using actual physics equations.

Asteron: This code is adapted from a project I did for a graphics course in 2000. In beta testing this has garnered a lot of praise and I hope for it to replace cpBlobs as the most popular screensaver.</description>
    <platform>osx-x86_64</platform>
    <assets>
      <icon>resources/icon.png</icon>
      <fanart>resources/fanart.jpg</fanart>
      <screenshot>resources/screenshot-01.jpg</screenshot>
      <screenshot>resources/screenshot-02.jpg</screenshot>
      <screenshot>resources/screenshot-03.jpg</screenshot>
    </assets>
  </extension>
</addon>
