﻿<?xml version="1.0" encoding="utf-8"?>
    <scraper framework="1.1" date="2012-05-24">
	<CreateSearchUrl SearchStringEncoding="utf-8" clearbuffers="no" dest="3">
		<!--movie search url on cinemarx.ro-->
		<RegExp input="$$1" output="&lt;url&gt;http://www.cinemarx.ro/cauta/filme/\1&lt;/url&gt;" dest="3">
			<expression noclean="1" />
		</RegExp>
	</CreateSearchUrl>
	<GetSearchResults dest="8">
		<RegExp input="$$6" output="&lt;?xml version=&quot;1.0&quot; encoding=&quot;utf-8&quot; standalone=&quot;yes&quot;?&gt;&lt;results&gt;\1&lt;/results&gt;" dest="8">
			<RegExp input="$$1" output="\1" dest="5">
				<expression repeat="yes" trim="1" noclean="1">&lt;ul class="s_results"&gt;(.*?)&lt;/ul&gt;</expression>
			</RegExp>
			<RegExp input="$$5" output="&lt;entity&gt;&lt;title&gt;\2&lt;/title&gt;&lt;url&gt;http://www.cinemarx.ro\1&lt;/url&gt;&lt;/entity&gt;" dest="6">
				<expression repeat="yes" noclean="1">&lt;h3&gt;[^"]*.([^"]*)[^&gt;]*.([^&lt;]*)</expression>
			</RegExp>
			<expression noclean="1" />
		</RegExp>
	</GetSearchResults>
	<GetDetails clearbuffers="no" dest="3">
		<RegExp input="$$5" output="&lt;?xml version=&quot;1.0&quot; encoding=&quot;utf-8&quot; standalone=&quot;yes&quot;?&gt;&lt;details&gt;\1&lt;/details&gt;" dest="3">
			<!--Title-->
			<RegExp input="$$4" output="&lt;title&gt;\1&lt;/title&gt;" dest="5">
				<!--movie title-->
				<RegExp input="$$1" output="\1" dest="4">
					<expression noclean="1">id="movie_title"[^&gt;]*.([^(]*)</expression>
				</RegExp>
				<!--save movie title-->
				<RegExp input="$$4" output="\1" dest="11">
					<expression noclean="1" />
				</RegExp>
				<!--translated title (save for a moment)-->
				<RegExp input="$$1" output="\1" dest="6">
					<expression>id="movie_subtitle"&gt;([^&lt;]*)</expression>
				</RegExp>
				<!--take for database the translated title only-->
				<RegExp input="$$4 $$6" output="\1" dest="4">
					<expression>($$6)</expression>
				</RegExp>
				<expression noclean="1" />
			</RegExp>
			<!--Year-->
			<RegExp input="$$4" output="&lt;year&gt;\1&lt;/year&gt;" dest="5+">
				<RegExp input="$$1" output="\1" dest="4">
					<expression>class="year"&gt;([^&lt;]*)</expression>
				</RegExp>
				<!--save year-->
				<RegExp input="$$4" output="\1" dest="12">
					<expression />
				</RegExp>
				<expression noclean="1" />
			</RegExp>
			<!--Cinemarx Rating-->
			<RegExp conditional="!imdbrating" input="$$4" output="\1" dest="5+">
				<RegExp input="$$1" output="&lt;rating&gt;\1&lt;/rating&gt;" dest="4">
					<expression>ratingvalue[^&gt;]*.([^&lt;]*)</expression>
				</RegExp>
				<RegExp input="$$1" output="&lt;votes&gt;\1&lt;/votes&gt;" dest="4+">
					<expression>ratingCount[^&gt;]*.([^&lt;]*)</expression>
				</RegExp>
				<expression noclean="1" />
			</RegExp>
			<!--Runtime-->
			<RegExp input="$$4" output="&lt;runtime&gt;\1&lt;/runtime&gt;" dest="5+">
				<RegExp input="$$1" output="\1" dest="4">
					<expression>&lt;h5&gt;Durata:&lt;/h5&gt;([0-9]*)</expression>
				</RegExp>
				<expression noclean="1" />
			</RegExp>
			<!--Gen film-->
			<RegExp input="$$4" output="\1" dest="5+">
				<RegExp input="$$1" output="&lt;genre&gt;\1&lt;/genre&gt;" dest="4">
					<expression repeat="yes" noclean="1">title="Gen[^A-Z]*([^"]*)</expression>
				</RegExp>
				<expression noclean="1" />
			</RegExp>
			<!--Director-->
			<RegExp input="$$4" output="&lt;director&gt;\1&lt;/director&gt;" dest="5+">
				<RegExp input="$$1" output="=\1" dest="4">
					<expression repeat="yes" noclean="1">title="Regizor:.([^"]*)</expression>
				</RegExp>
				<!--save director(s)-->
				<RegExp input="$$4" output="\1 " dest="13">
					<expression repeat="yes" noclean="1">=([^=]*)</expression>
				</RegExp>
				<expression repeat="yes" noclean="1">=([^=]*)</expression>
			</RegExp>
			<!--Writer-->
			<RegExp input="$$4" output="\1" dest="5+">
				<RegExp input="$$1" output="&lt;credits&gt;\1&lt;/credits&gt;" dest="4">
					<expression repeat="yes" noclean="1">title="Scenarist[^a-zA-Z]*([^"]*)</expression>
				</RegExp>
				<expression noclean="1" />
			</RegExp>
			<!--Sinopsis-->
			<RegExp input="$$4" output="&lt;plot&gt;\1&lt;/plot&gt;" dest="5+">
				<!--sinopsis-->
				<RegExp input="$$1" output="\1" dest="4">
					<expression fixchars="1" trim="1">&lt;div class="article_content"[^&gt;]*.(.*?)&lt;/div&gt;</expression>
				</RegExp>
				<expression />
			</RegExp>
			<!--Distributia-->
			<RegExp input="$$4" output="\1" dest="5+">
				<!--save actor name and role-->
				<RegExp input="$$1" output="\1:\3|" dest="14">
					<expression repeat="yes" noclean="1">title="Actor:[^a-zA-z]*([^"]*)(.*?)br /&gt;([^&lt;]*)</expression>
				</RegExp>
				<RegExp input="$$1" output="&lt;url function=&quot;GetCinemarxActorThumbs&quot;&gt;http://www.cinemarx.ro/persoane/\1.html&lt;/url&gt;" dest="4">
					<expression repeat="yes" noclean="1">class="m_ar"&gt;&lt;a href="/persoane/([^.]*)</expression>
				</RegExp>
				<expression noclean="1" />
			</RegExp>
			<!--IMDB search-->
			<RegExp input="$$4" output="&lt;url function=&quot;GetIMDBRatingTMDBThumbnailFanart&quot;&gt;http://www.google.com/search?hl=en&amp;as_q=\1&amp;ft=i&amp;as_sitesearch=imdb.com&amp;as_qdr=all&amp;as_occt=any&amp;num=1&lt;/url&gt;" dest="5+">
				<RegExp input="imdb/title $$11 $$12 $$13" output="\1" dest="4">
					<expression noclean="1" encode="1" />
				</RegExp>
				<expression noclean="1" />
			</RegExp>
			<!--Thumbs Fanart-->
			<RegExp input="$$4" output="\1" dest="5+">
				<RegExp conditional="!tmdbthumbs" input="$$1" output="&lt;url function=&quot;GetCinemarxThumbs&quot;&gt;$$3?postere-alternative&lt;/url&gt;" dest="4">
					<expression noclean="1" />
				</RegExp>
				<expression noclean="1" />
			</RegExp>
			<expression noclean="1" />
		</RegExp>
	</GetDetails>
	<GetIMDBRatingTMDBThumbnailFanart clearbuffers="no" dest="5">
		<RegExp input="$$4" output="&lt;details&gt;$$4&lt;/details&gt;" dest="5">
			<!--save IMDB ID-->
			<RegExp input="$$1" output="\1" dest="7">
				<expression noclean="1">http://www.imdb.com/title/(tt[0-9]*)</expression>
			</RegExp>
			<!--rating from IMDB-->
			<RegExp conditional="imdbrating" input="" output="&lt;chain function=&quot;GetIMDBRatingById&quot;&gt;$$7&lt;/chain&gt;" dest="4">
				<expression />
			</RegExp>
			<!--thumbs from TMDB-->
			<RegExp conditional="tmdbthumbs" input="" output="&lt;chain function=&quot;GetTMDBThumbsByIdChain&quot;&gt;$$7::ro&lt;/chain&gt;" dest="4+">
				<expression />
			</RegExp>
			<!--fanart from TMDB-->
			<RegExp input="" output="&lt;chain function=&quot;GetTMDBFanartByIdChain&quot;&gt;$$7::ro&lt;/chain&gt;" dest="4+">
				<expression />
			</RegExp>
			<expression noclean="1" />
		</RegExp>
	</GetIMDBRatingTMDBThumbnailFanart>
	<GetCinemarxActorThumbs clearbuffers="no" dest="10">
		<RegExp input="$$9" output="&lt;details&gt;\1&lt;/details&gt;" dest="10">
			<RegExp input="$$8" output="&lt;actor&gt;\1&lt;/actor&gt;" dest="9">
				<!--get actor name-->
				<RegExp input="$$1" output="\1" dest="8">
					<expression clear="yes">Nume:[^&gt;]*.([^&lt;]*)</expression>
				</RegExp>
				<!--take role (previously saved)-->
				<RegExp input="$$14" output="&lt;name&gt;$$8&lt;/name&gt;&lt;role&gt;\1&lt;/role&gt;" dest="8">
					<expression>$$8:([^|]*)</expression>
				</RegExp>
				<RegExp input="$$1" output="$$8&lt;thumb&gt;\1&lt;/thumb&gt;" dest="8">
					<expression>(http://static.cinemarx.ro/poze/cache/t33/[^"]*)</expression>
				</RegExp>
				<expression clear="yes" noclean="1" />
			</RegExp>
			<expression clear="yes" noclean="1" />
		</RegExp>
	</GetCinemarxActorThumbs>
	<!-- getting thumbs and fanarts -->
	<GetCinemarxThumbs clearbuffers="no" dest="5">
		<RegExp input="$$4" output="&lt;details&gt;\1&lt;/details&gt;" dest="5">
			<!--thumbs from cinemarx-->
			<RegExp input="$$1" output="&lt;thumb&gt;\1&lt;/thumb&gt;" dest="4">
				<expression repeat="yes" noclean="1">href="(http://static.cinemarx.ro/poze/filme-mari/[^.]*.jpg)</expression>
			</RegExp>
			<expression noclean="1" />
		</RegExp>
	</GetCinemarxThumbs>
</scraper>