[
   {
      "id" : "73F3F654-9EC5-4876-8BF6-474E22029A49",
      "assets" : [
         {
            "url" : "http://a1.v2.phobos.apple.com.edgesuite.net/us/r1000/000/Features/atv/AutumnResources/videos/comp_GL_G004_C010_v03_6Mbps.mov",
            "accessibilityLabel" : "Greenland",
            "type" : "video",
            "id" : "D388F00A-5A32-4431-A95C-38BF7FF7268D",
            "timeOfDay" : "day"
         },
         {
            "url" : "http://a1.v2.phobos.apple.com.edgesuite.net/us/r1000/000/Features/atv/AutumnResources/videos/comp_DB_D011_D009_SIGNCMP_v15_6Mbps.mov",
            "accessibilityLabel" : "Dubai",
            "type" : "video",
            "id" : "2F11E857-4F77-4476-8033-4A1E4610AFCC",
            "timeOfDay" : "night"
         },
         {
            "url" : "http://a1.v2.phobos.apple.com.edgesuite.net/us/r1000/000/Features/atv/AutumnResources/videos/comp_LA_A005_C009_v05_t9_6M.mov",
            "accessibilityLabel" : "Los Angeles",
            "type" : "video",
            "id" : "687B36CB-BA5D-4434-BA99-2F2B8B6EC163",
            "timeOfDay" : "day"
         },
         {
            "url" : "http://a1.v2.phobos.apple.com.edgesuite.net/us/r1000/000/Features/atv/AutumnResources/videos/comp_HK_B005_C011_t9_6M_tag0.mov",
            "accessibilityLabel" : "Hong Kong",
            "type" : "video",
            "id" : "2A57BB93-1825-484C-9609-FF8580CAE77B",
            "timeOfDay" : "night"
         }
      ]
   },
   {
      "id" : "465A051C-3DDE-4C87-B0A4-846AF5422FE1",
      "assets" : [
         {
            "url" : "http://a1.v2.phobos.apple.com.edgesuite.net/us/r1000/000/Features/atv/AutumnResources/videos/comp_HK_H004_C008_v10_6Mbps.mov",
            "accessibilityLabel" : "Hong Kong",
            "type" : "video",
            "id" : "102C19D1-9D9F-48EC-B492-074C985C4D9F",
            "timeOfDay" : "day"
         },
         {
            "url" : "http://a1.v2.phobos.apple.com.edgesuite.net/us/r1000/000/Features/atv/AutumnResources/videos/comp_LA_A009_C009_t9_6M_tag0.mov",
            "accessibilityLabel" : "Los Angeles",
            "type" : "video",
            "id" : "B813A62B-F910-4C86-B2B4-51C7FCB73314",
            "timeOfDay" : "night"
         },
         {
            "url" : "http://a1.v2.phobos.apple.com.edgesuite.net/us/r1000/000/Features/atv/AutumnResources/videos/comp_C002_C005_0818SC_001_v01_6M_HB_tag0.mov",
            "accessibilityLabel" : "China",
            "type" : "video",
            "id" : "9CCB8297-E9F5-4699-AE1F-890CFBD5E29C",
            "timeOfDay" : "day"
         },
         {
            "url" : "http://a1.v2.phobos.apple.com.edgesuite.net/us/r1000/000/Features/atv/AutumnResources/videos/comp_GL_G010_C006_v08_6Mbps.mov",
            "accessibilityLabel" : "Greenland",
            "type" : "video",
            "id" : "7D4710EB-5BA4-42E6-AA60-68D77F67D9B9",
            "timeOfDay" : "night"
         },
         {
            "url" : "http://a1.v2.phobos.apple.com.edgesuite.net/us/r1000/000/Features/atv/AutumnResources/videos/comp_LW_L001_C006_t9_6M_tag0.mov",
            "accessibilityLabel" : "Liwa",
            "type" : "video",
            "id" : "88025454-6D58-48E8-A2DB-924988FAD7AC",
            "timeOfDay" : "day"
         },
         {
            "url" : "http://a1.v2.phobos.apple.com.edgesuite.net/us/r1000/000/Features/atv/AutumnResources/videos/comp_DB_D011_C010_v10_6Mbps.mov",
            "accessibilityLabel" : "Dubai",
            "type" : "video",
            "id" : "B3BDC635-756D-4B82-B01A-A2620D1DBF10",
            "timeOfDay" : "night"
         },
         {
            "url" : "http://a1.v2.phobos.apple.com.edgesuite.net/us/r1000/000/Features/atv/AutumnResources/videos/plate_G002_C002_BG_t9_6M_HB_tag0.mov",
            "accessibilityLabel" : "Greenland",
            "type" : "video",
            "id" : "30047FDA-3AE3-4E74-9575-3520AD77865B",
            "timeOfDay" : "day"
         },
         {
            "url" : "http://a1.v2.phobos.apple.com.edgesuite.net/us/r1000/000/Features/atv/AutumnResources/videos/comp_C007_C011_08244D_001_v01_6M_HB_tag0.mov",
            "accessibilityLabel" : "China",
            "type" : "video",
            "id" : "B876B645-3955-420E-99DF-60139E451CF3",
            "timeOfDay" : "day"
         },
         {
            "url" : "http://a1.v2.phobos.apple.com.edgesuite.net/us/r1000/000/Features/atv/AutumnResources/videos/comp_LA_A006_C008_t9_6M_HB_tag0.mov",
            "accessibilityLabel" : "Los Angeles",
            "type" : "video",
            "id" : "BEED64EC-2DB7-47E1-A67E-59C101E73C04",
            "timeOfDay" : "day"
         },
         {
            "url" : "http://a1.v2.phobos.apple.com.edgesuite.net/us/r1000/000/Features/atv/AutumnResources/videos/comp_DB_D001_C001_v03_6Mbps.mov",
            "accessibilityLabel" : "Dubai",
            "type" : "video",
            "id" : "15F9B681-9EA8-4DD1-AD26-F111BC5CF64B",
            "timeOfDay" : "day"
         },
         {
            "url" : "http://a1.v2.phobos.apple.com.edgesuite.net/us/r1000/000/Features/atv/AutumnResources/videos/comp_HK_H004_C010_4k_v01_6Mbps.mov",
            "accessibilityLabel" : "Hong Kong",
            "type" : "video",
            "id" : "560E09E8-E89D-4ADB-8EEA-4754415383D4",
            "timeOfDay" : "day"
         },
         {
            "url" : "http://a1.v2.phobos.apple.com.edgesuite.net/us/r1000/000/Features/atv/AutumnResources/videos/comp_LA_A008_C004_ALT_v33_6Mbps.mov",
            "accessibilityLabel" : "Los Angeles",
            "type" : "video",
            "id" : "60CD8E2E-35CD-4192-A5A4-D5E10BFE158B",
            "timeOfDay" : "day"
         },
         {
            "url" : "http://a1.v2.phobos.apple.com.edgesuite.net/us/r1000/000/Features/atv/AutumnResources/videos/comp_DB_D002_C003_t9_6M_HB_tag0.mov",
            "accessibilityLabel" : "Dubai",
            "type" : "video",
            "id" : "02EA5DBE-3A67-4DFA-8528-12901DFD6CC1",
            "timeOfDay" : "day"
         },
         {
            "url" : "http://a1.v2.phobos.apple.com.edgesuite.net/us/r1000/000/Features/atv/AutumnResources/videos/comp_C007_C004_0824AJ_001_v01_6M_HB_tag0.mov",
            "accessibilityLabel" : "China",
            "type" : "video",
            "id" : "D5E76230-81A3-4F65-A1BA-51B8CADED625",
            "timeOfDay" : "day"
         },
         {
            "url" : "http://a1.v2.phobos.apple.com.edgesuite.net/us/r1000/000/Features/atv/AutumnResources/videos/comp_DB_D001_C005_t9_6M_HB_tag0.mov",
            "accessibilityLabel" : "Dubai",
            "type" : "video",
            "id" : "D34A7B19-EC33-4300-B4ED-0C8BC494C035",
            "timeOfDay" : "day"
         },
         {
            "url" : "http://a1.v2.phobos.apple.com.edgesuite.net/us/r1000/000/Features/atv/AutumnResources/videos/comp_HK_H004_C013_t9_6M_HB_tag0.mov",
            "accessibilityLabel" : "Hong Kong",
            "type" : "video",
            "id" : "4B16F739-372D-400D-B7F9-1327EF58CFDC",
            "timeOfDay" : "day"
         },
         {
            "url" : "http://a1.v2.phobos.apple.com.edgesuite.net/us/r1000/000/Features/atv/AutumnResources/videos/comp_DB_D008_C010_v04_6Mbps.mov",
            "accessibilityLabel" : "Dubai",
            "type" : "video",
            "id" : "DFA399FA-620A-4517-94D6-BF78BF8C5E5A",
            "timeOfDay" : "day"
         }
      ]
   },
   {
      "id" : "b1",
      "assets" : [
         {
            "url" : "http://a1.v2.phobos.apple.com.edgesuite.net/us/r1000/000/Features/atv/AutumnResources/videos/b1-2.mov",
            "accessibilityLabel" : "London",
            "type" : "video",
            "id" : "b1-2",
            "timeOfDay" : "night"
         },
         {
            "url" : "http://a1.v2.phobos.apple.com.edgesuite.net/us/r1000/000/Features/atv/AutumnResources/videos/b1-3.mov",
            "accessibilityLabel" : "New York City",
            "type" : "video",
            "id" : "b1-3",
            "timeOfDay" : "day"
         },
         {
            "url" : "http://a1.v2.phobos.apple.com.edgesuite.net/us/r1000/000/Features/atv/AutumnResources/videos/b1-4.mov",
            "accessibilityLabel" : "San Francisco",
            "type" : "video",
            "id" : "b1-4",
            "timeOfDay" : "night"
         }
      ]
   },
   {
      "id" : "b2",
      "assets" : [
         {
            "url" : "http://a1.v2.phobos.apple.com.edgesuite.net/us/r1000/000/Features/atv/AutumnResources/videos/b2-1.mov",
            "accessibilityLabel" : "China",
            "type" : "video",
            "id" : "b2-1",
            "timeOfDay" : "day"
         },
         {
            "url" : "http://a1.v2.phobos.apple.com.edgesuite.net/us/r1000/000/Features/atv/AutumnResources/videos/b2-3.mov",
            "accessibilityLabel" : "New York City",
            "type" : "video",
            "id" : "b2-3",
            "timeOfDay" : "night"
         }
      ]
   },
   {
      "id" : "b3",
      "assets" : [
         {
            "url" : "http://a1.v2.phobos.apple.com.edgesuite.net/us/r1000/000/Features/atv/AutumnResources/videos/b3-1.mov",
            "accessibilityLabel" : "London",
            "type" : "video",
            "id" : "b3-1",
            "timeOfDay" : "night"
         },
         {
            "url" : "http://a1.v2.phobos.apple.com.edgesuite.net/us/r1000/000/Features/atv/AutumnResources/videos/b3-2.mov",
            "accessibilityLabel" : "New York City",
            "type" : "video",
            "id" : "b3-2",
            "timeOfDay" : "day"
         },
         {
            "url" : "http://a1.v2.phobos.apple.com.edgesuite.net/us/r1000/000/Features/atv/AutumnResources/videos/b3-3.mov",
            "accessibilityLabel" : "San Francisco",
            "type" : "video",
            "id" : "b3-3",
            "timeOfDay" : "day"
         }
      ]
   },
   {
      "id" : "b4",
      "assets" : [
         {
            "url" : "http://a1.v2.phobos.apple.com.edgesuite.net/us/r1000/000/Features/atv/AutumnResources/videos/b4-1.mov",
            "accessibilityLabel" : "Hawaii",
            "type" : "video",
            "id" : "b4-1",
            "timeOfDay" : "day"
         },
         {
            "url" : "http://a1.v2.phobos.apple.com.edgesuite.net/us/r1000/000/Features/atv/AutumnResources/videos/b4-2.mov",
            "accessibilityLabel" : "New York City",
            "type" : "video",
            "id" : "b4-2",
            "timeOfDay" : "night"
         },
         {
            "url" : "http://a1.v2.phobos.apple.com.edgesuite.net/us/r1000/000/Features/atv/AutumnResources/videos/b4-3.mov",
            "accessibilityLabel" : "San Francisco",
            "type" : "video",
            "id" : "b4-3",
            "timeOfDay" : "day"
         }
      ]
   },
   {
      "id" : "b5",
      "assets" : [
         {
            "url" : "http://a1.v2.phobos.apple.com.edgesuite.net/us/r1000/000/Features/atv/AutumnResources/videos/b5-1.mov",
            "accessibilityLabel" : "China",
            "type" : "video",
            "id" : "b5-1",
            "timeOfDay" : "day"
         },
         {
            "url" : "http://a1.v2.phobos.apple.com.edgesuite.net/us/r1000/000/Features/atv/AutumnResources/videos/b5-2.mov",
            "accessibilityLabel" : "London",
            "type" : "video",
            "id" : "b5-2",
            "timeOfDay" : "day"
         },
         {
            "url" : "http://a1.v2.phobos.apple.com.edgesuite.net/us/r1000/000/Features/atv/AutumnResources/videos/b5-3.mov",
            "accessibilityLabel" : "San Francisco",
            "type" : "video",
            "id" : "b5-3",
            "timeOfDay" : "night"
         }
      ]
   },
   {
      "id" : "b6",
      "assets" : [
         {
            "url" : "http://a1.v2.phobos.apple.com.edgesuite.net/us/r1000/000/Features/atv/AutumnResources/videos/b6-1.mov",
            "accessibilityLabel" : "China",
            "type" : "video",
            "id" : "b6-1",
            "timeOfDay" : "day"
         },
         {
            "url" : "http://a1.v2.phobos.apple.com.edgesuite.net/us/r1000/000/Features/atv/AutumnResources/videos/b6-2.mov",
            "accessibilityLabel" : "Hawaii",
            "type" : "video",
            "id" : "b6-2",
            "timeOfDay" : "night"
         },
         {
            "url" : "http://a1.v2.phobos.apple.com.edgesuite.net/us/r1000/000/Features/atv/AutumnResources/videos/b6-3.mov",
            "accessibilityLabel" : "London",
            "type" : "video",
            "id" : "b6-3",
            "timeOfDay" : "day"
         },
         {
            "url" : "http://a1.v2.phobos.apple.com.edgesuite.net/us/r1000/000/Features/atv/AutumnResources/videos/b6-4.mov",
            "accessibilityLabel" : "San Francisco",
            "type" : "video",
            "id" : "b6-4",
            "timeOfDay" : "night"
         }
      ]
   },
   {
      "id" : "b7",
      "assets" : [
         {
            "url" : "http://a1.v2.phobos.apple.com.edgesuite.net/us/r1000/000/Features/atv/AutumnResources/videos/b7-1.mov",
            "accessibilityLabel" : "Hawaii",
            "type" : "video",
            "id" : "b7-1",
            "timeOfDay" : "day"
         },
         {
            "url" : "http://a1.v2.phobos.apple.com.edgesuite.net/us/r1000/000/Features/atv/AutumnResources/videos/b7-2.mov",
            "accessibilityLabel" : "New York City",
            "type" : "video",
            "id" : "b7-2",
            "timeOfDay" : "day"
         },
         {
            "url" : "http://a1.v2.phobos.apple.com.edgesuite.net/us/r1000/000/Features/atv/AutumnResources/videos/b7-3.mov",
            "accessibilityLabel" : "San Francisco",
            "type" : "video",
            "id" : "b7-3",
            "timeOfDay" : "night"
         }
      ]
   },
   {
      "id" : "b8",
      "assets" : [
         {
            "url" : "http://a1.v2.phobos.apple.com.edgesuite.net/us/r1000/000/Features/atv/AutumnResources/videos/b10-4.mov",
            "accessibilityLabel" : "San Francisco",
            "type" : "video",
            "id" : "b10-4",
            "timeOfDay" : "night"
         },
         {
            "url" : "http://a1.v2.phobos.apple.com.edgesuite.net/us/r1000/000/Features/atv/AutumnResources/videos/b8-2.mov",
            "accessibilityLabel" : "San Francisco",
            "type" : "video",
            "id" : "b8-2",
            "timeOfDay" : "day"
         },
         {
            "url" : "http://a1.v2.phobos.apple.com.edgesuite.net/us/r1000/000/Features/atv/AutumnResources/videos/b8-3.mov",
            "accessibilityLabel" : "San Francisco",
            "type" : "video",
            "id" : "b8-3",
            "timeOfDay" : "day"
         }
      ]
   },
   {
      "id" : "b9",
      "assets" : [
         {
            "url" : "http://a1.v2.phobos.apple.com.edgesuite.net/us/r1000/000/Features/atv/AutumnResources/videos/b9-1.mov",
            "accessibilityLabel" : "Hawaii",
            "type" : "video",
            "id" : "b9-1",
            "timeOfDay" : "day"
         },
         {
            "url" : "http://a1.v2.phobos.apple.com.edgesuite.net/us/r1000/000/Features/atv/AutumnResources/videos/b9-3.mov",
            "accessibilityLabel" : "San Francisco",
            "type" : "video",
            "id" : "b9-3",
            "timeOfDay" : "day"
         }
      ]
   },
   {
      "id" : "b10",
      "assets" : [
         {
            "url" : "http://a1.v2.phobos.apple.com.edgesuite.net/us/r1000/000/Features/atv/AutumnResources/videos/b10-1.mov",
            "accessibilityLabel" : "Hawaii",
            "type" : "video",
            "id" : "b10-1",
            "timeOfDay" : "day"
         },
         {
            "url" : "http://a1.v2.phobos.apple.com.edgesuite.net/us/r1000/000/Features/atv/AutumnResources/videos/b10-3.mov",
            "accessibilityLabel" : "San Francisco",
            "type" : "video",
            "id" : "b10-3",
            "timeOfDay" : "day"
         },
         {
            "url" : "http://a1.v2.phobos.apple.com.edgesuite.net/us/r1000/000/Features/atv/AutumnResources/videos/b8-1.mov",
            "accessibilityLabel" : "Hawaii",
            "type" : "video",
            "id" : "b8-1",
            "timeOfDay" : "night"
         }
      ]
   }
]
