﻿<?xml version="1.0" encoding="utf-8" standalone="yes"?>
<addon
  id="screensaver.asterwave"
  version="3.3.0"
  name="AsterWave"
  provider-name="Team Kodi">
  <requires>
<import addon="kodi.binary.global.main" minversion="1.2.0" version="1.3.0"/>
<import addon="kodi.binary.global.gui" minversion="5.15.0" version="5.15.0"/>
<import addon="kodi.binary.global.filesystem" minversion="1.1.0" version="1.1.6"/>
<import addon="kodi.binary.instance.screensaver" minversion="2.1.0" version="2.1.0"/></requires>
  <extension
    point="xbmc.ui.screensaver"
    library_android="libscreensaver.asterwave.so"/>
  <extension point="xbmc.addon.metadata">
    <summary lang="de_DE">AsterWave Bildschirmschoner</summary>
    <summary lang="en_GB">AsterWave screensaver</summary>
    <description lang="de_DE">Ein Flüssigkeitsfeld, das sich unter Verwendung tatsächlicher physikalischer Gleichungen realistisch zu Höhenänderungen verformt.

Asteron: Dieser Code stammt aus einem Projekt, das ich für einen Grafikkurs im Jahr 2000 durchgeführt habe. Beim Betatest hat dies viel Lob erhalten und ich hoffe, dass er cpBlobs als beliebtesten Bildschirmschoner ersetzt.</description>
    <description lang="en_GB">A field of liquid that deforms realistically to changes in height using actual physics equations.

Asteron: This code is adapted from a project I did for a graphics course in 2000. In beta testing this has garnered a lot of praise and I hope for it to replace cpBlobs as the most popular screensaver.</description>
    <platform>android-aarch64</platform>
    <license>GPL-2.0-or-later</license>
    <assets>
      <icon>resources/icon.png</icon>
      <fanart>resources/fanart.jpg</fanart>
      <screenshot>resources/screenshot-01.jpg</screenshot>
      <screenshot>resources/screenshot-02.jpg</screenshot>
      <screenshot>resources/screenshot-03.jpg</screenshot>
    </assets>
  </extension>
</addon>
