﻿<?xml version="1.0" encoding="UTF-8" standalone="yes"?>
<addon id="metadata.douban.com"
       name="douban"
       version="1.1.7"
       provider-name="Taxigps">
  <requires>
    <import addon="xbmc.metadata" version="2.1.0"/>
    <import addon="metadata.common.themoviedb.org" version="2.13.1"/>
  </requires>
  <extension point="xbmc.metadata.scraper.movies"
             language="zh"
             library="douban.xml"/>
  <extension point="xbmc.addon.metadata">
    <summary lang="en">Douban Movie Scraper</summary>
    <summary lang="zh">豆瓣电影刮削器</summary>
    <description lang="en">Download movie information from movie.douban.com</description>
    <description lang="zh">从豆瓣网获取电影资料。豆瓣所有的内容，分类，筛选，排序都由用户产生和决定。豆瓣帮助你通过你喜爱的东西找到志同道合者，然后通过他们找到更多的好东西。</description>
    <platform>all</platform>
    <license>GPL v2.0</license>
    <forum></forum>
    <website></website>
    <email></email>
    <source>https://github.com/taxigps/metadata.douban.com/</source>
  </extension>
</addon>
