<?xml version="1.0" encoding="UTF-8" standalone="yes"?>
<addon id="resource.images.weatherfanart.faded" name="Weather Fanart - Faded" version="0.0.4" provider-name="Silverxxx,Team Kodi">
	<extension point="kodi.resource.images" compile="false" type="weather" />
	<requires>
		<import addon="kodi.resource" version="1.0.0"/>
	</requires>
	<extension point="xbmc.addon.metadata">
		<summary lang="en">Weather Fanart Faded</summary>
		<description lang="en">Weather Fanart in a faded style</description>
		<platform>all</platform>
	</extension>
</addon>
