﻿<?xml version="1.0" encoding="UTF-8"?>
<addon
  id="screensaver.asteroids"
  version="19.0.0"
  name="Asteroids"
  provider-name="Team Kodi">
  <requires>
<import addon="kodi.binary.global.main" minversion="1.2.0" version="1.3.0"/>
<import addon="kodi.binary.global.gui" minversion="5.15.0" version="5.15.0"/>
<import addon="kodi.binary.global.filesystem" minversion="1.1.0" version="1.1.6"/>
<import addon="kodi.binary.instance.screensaver" minversion="2.1.0" version="2.1.0"/></requires>
  <extension
    point="xbmc.ui.screensaver"
    library_windows="screensaver.asteroids.dll"/>
  <extension point="xbmc.addon.metadata">
    <platform>windows-i686</platform>
    <license>GPL-2.0-or-later</license>
    <source>https://github.com/xbmc/screensaver.asteroids</source>
    <assets>
      <icon>resources/icon.png</icon>
      <fanart>resources/fanart.png</fanart>
      <screenshot>resources/screenshot-01.png</screenshot>
      <screenshot>resources/screenshot-02.png</screenshot>
      <screenshot>resources/screenshot-03.png</screenshot>
    </assets>
    <summary lang="de_DE">Asteroiden Bildschirmschoner</summary>
    <summary lang="en_GB">Asteroids screensaver</summary>
    <description lang="de_DE">Ein Bildschirmschoner im alten Stil, welcher die Asteroiden davon schießt.</description>
    <description lang="en_GB">An old-style screen saver where the asteroids are shot away.</description>
  </extension>
</addon>
