﻿<?xml version="1.0" encoding="UTF-8"?>
<addon
  id="screensaver.biogenesis"
  version="19.0.0"
  name="BioGenesis"
  provider-name="Team Kodi">
  <requires>
<import addon="kodi.binary.global.main" minversion="1.2.0" version="1.3.0"/>
<import addon="kodi.binary.global.gui" minversion="5.15.0" version="5.15.0"/>
<import addon="kodi.binary.global.filesystem" minversion="1.1.0" version="1.1.6"/>
<import addon="kodi.binary.instance.screensaver" minversion="2.1.0" version="2.1.0"/></requires>
  <extension
    point="xbmc.ui.screensaver"
    library_android="libscreensaver.biogenesis.so"/>
  <extension point="xbmc.addon.metadata">
    <platform>android-armv7</platform>
    <license>GPL-2.0-or-later</license>
    <source>https://github.com/xbmc/screensaver.biogenesis</source>
    <assets>
      <icon>resources/icon.png</icon>
      <fanart>resources/fanart.png</fanart>
      <screenshot>resources/screenshot-01.png</screenshot>
      <screenshot>resources/screenshot-02.png</screenshot>
      <screenshot>resources/screenshot-03.png</screenshot>
    </assets>
    <summary lang="da_DK">BioGenesis pauseskærm</summary>
    <summary lang="de_DE">BioGenesis Bildschirmschoner</summary>
    <summary lang="en_GB">BioGenesis screensaver</summary>
    <description lang="da_DK">En implementering af John Conways berømte &quot;Game of Life&quot; med 3 brugerdefinerede farveregler. Et par grundlæggende regler styrer, hvilke celler der vil leve i den næste generation, afhængigt af cellernes nuværende tilstand og antallet af dets levende naboer.[CR][CR]Screenshots yder ikke så meget retfærdighed, da systemets bevægelse grænsende mellem stabilitet og kaos er det, der ser interessant ud.[CR][CR]Funktioner:[CR]- Der er implementeret 3 brugerdefinerede farveregler, der hver især giver interessante resultater.[CR]- Kolonifarvende farveceller afhængig af farven på dets 'overordnede' celler.[CR]CR]- Farvelægning i en levetid farver en celle afhængig af, hvor længe den har været i live.[CR]- Nabo, der farver en celle afhængigt af naboens konfiguration.[CR]- Mange parametre kan konfigureres i indstillingerne.</description>
    <description lang="de_DE">Eine Implementierung von John Conways berühmtem &quot;Game of Life&quot; mit 3 benutzerdefinierten Farbregeln. Einige Grundregeln regeln, welche Zellen in der nächsten Generation leben werden, abhängig vom aktuellen Zustand der Zellen und der Anzahl ihrer lebenden Nachbarn.[CR][CR]Screenshots werden nicht so sehr gerecht, da die Bewegung des Systems zwischen Stabilität und Chaos interessant aussieht.[CR][CR]Eigenschaften:[CR] - Es werden jeweils 3 benutzerdefinierte Farbregeln implementiert, die interessante Ergebnisse liefern.[CR] - Farbzellen für Kolonien, abhängig von der Farbe der übergeordneten Zellen.[CR] - Die lebenslange Färbung färbt eine Zelle abhängig davon, wie lange sie noch lebt.[CR] - Nachbarn färben eine Zelle abhängig von der Konfiguration ihrer Nachbarn.[CR] - Viele Parameter sind in den Einstellungen konfigurierbar.</description>
    <description lang="en_GB">An implementation of John Conway's famous &quot;Game of Life&quot; with 3 custom coloring rules. A few basic rules govern which cells will live in the next generation depending on the cells current state and the number of its live neighbors.[CR][CR]Screenshots don't do this much justice as the motion of the system bordering between stability and chaos is what looks interesting.[CR][CR]Features:[CR] - 3 custom coloring rules are implemented each yielding interesting results.[CR] - Colony coloring color cells depending on the color of its 'parent' cells.[CR] - Lifetime coloring colors a cell depending on how long its been alive.[CR] - Neighbor coloring a cell depending on the configuration of its neighbors.[CR] - Many parameters are configurable in the settings.</description>
  </extension>
</addon>
